[{"title":"$:/core/modules/filters/subfilter.js","text":"/*\\\ntitle: $:/core/modules/filters/subfilter.js\ntype: application/javascript\nmodule-type: filteroperator\n\nFilter operator returning its operand evaluated as a filter\n\n\\*/\n(function(){\n\n/*jslint node: true, browser: true */\n/*global $tw: false */\n\"use strict\";\n\n/*\nExport our filter function\n*/\nexports.subfilter = function(source,operator,options) {\n\tvar list = [], tiddlers = [],\n\tsuffix = (operator.suffixes || [])[0] || [\"\"];\n\tif (suffix.includes(\"tag\")) {\n\t\ttiddlers = tiddlers.concat(options.wiki.getTiddlersWithTag(operator.operand));\n\t}\n\tif (suffix.includes(\"title\")) {\n\t\tif (suffix.includes(\"tag\")) {\n\t\t\tsuffix.indexOf(\"title\") > suffix.indexOf(\"tag\") ?\n\t\t\t\ttiddlers.push(operator.operand) : tiddlers.unshift(operator.operand);\n\t\t} else {\n\t\t\ttiddlers[0] = operator.operand;\n\t\t}\n\t}\n\tif (suffix.includes(\"title\") || suffix.includes(\"tag\")) {\n\t\ttiddlers.forEach(function(title) {\n\t\t\tvar tiddler = options.wiki.getTiddler(title);\n\t\t\tlist = list.concat(options.wiki.filterTiddlers(tiddler.fields.text,options.widget,source));\n\t\t});\n\t} else {\n\t\tlist = options.wiki.filterTiddlers(operator.operand,options.widget,source);\n\t}\t\n\tif(operator.prefix === \"!\") {\n\t\tvar results = [];\n\t\tsource(function(tiddler,title) {\n\t\t\tif(list.indexOf(title) === -1) {\n\t\t\t\tresults.push(title);\n\t\t\t}\n\t\t});\n\t\treturn results;\n\t} else {\n\t\treturn list;\n\t}\n};\n\n})();\n","type":"application/javascript","module-type":"filteroperator"},{"title":"$:/core/ui/EditTemplate/body","tags":"$:/tags/EditTemplate","text":"\\define lingo-base() $:/language/EditTemplate/Body/\n\\define config-visibility-title()\n$:/config/EditorToolbarButtons/Visibility/$(currentTiddler)$\n\\end\n\\define tiddler-body-edit()\n<$list filter=\"[all[current]has[_canonical_uri]]\">\n\n<div class=\"tc-message-box\">\n\n<<lingo External/Hint>>\n\n<a href={{!!_canonical_uri}}><$text text={{!!_canonical_uri}}/></a>\n\n<$edit-text field=\"_canonical_uri\" class=\"tc-edit-fields\" tabindex={{$:/config/EditTabIndex}}></$edit-text>\n\n</div>\n\n</$list>\n\n<$list filter=\"[all[current]!has[_canonical_uri]]\">\n\n<$reveal state=\"$:/state/showeditpreview\" type=\"match\" text=\"yes\">\n\n<div class=\"tc-tiddler-preview\">\n\n<$transclude tiddler=\"$:/core/ui/EditTemplate/body/editor\" mode=\"inline\"/>\n\n<div class=\"tc-tiddler-preview-preview\">\n\n<$transclude tiddler={{$:/state/editpreviewtype}} mode=\"inline\">\n\n<$transclude tiddler=\"$:/core/ui/EditTemplate/body/preview/output\" mode=\"inline\"/>\n\n</$transclude>\n\n</div>\n\n</div>\n\n</$reveal>\n\n<$reveal state=\"$:/state/showeditpreview\" type=\"nomatch\" text=\"yes\">\n\n<$transclude tiddler=\"$:/core/ui/EditTemplate/body/editor\" mode=\"inline\"/>\n\n</$reveal>\n\n</$list>\n\\end\n<$list variable=\"sectionTemplate\" filter=\"[all[current]subfilter:tag[$:/config/ui/EditTemplate/body]]\" emptyMessage=<<tiddler-body-edit>> >\n\n<$list variable=\"debugTemplate\" filter=\"[[$:/config/ui/Debug/Templates]contains{!!draft.of}}]\">\n<span class=\"tc-tiddler-debug tc-debug-section\">\n<$set name=\"tv-wikilinks\" value=\"yes\"><$link to=<<sectionTemplate>> tooltip=<<sectionTemplate>> >{{$:/core/images/transcludify}} <<sectionTemplate>></$link></$set>\n</span>\n</$list>\n\n<$transclude tiddler=<<sectionTemplate>> >\n\n<$tiddler tiddler=<<sectionTemplate>> >\n\n<$transclude tiddler=\"$:/language/MissingTiddler/Hint\"/>\n\n</$tiddler>\n\n</$transclude>\n\n</$list>"},{"title":"$:/core/ui/EditTemplate/controls","tags":"$:/tags/EditTemplate","text":"\\define config-title()\n$:/config/EditToolbarButtons/Visibility/$(listItem)$\n\\end\n\\define tiddler-controls-edit()\n<div class=\"tc-tiddler-title tc-tiddler-edit-title\">\n<$view field=\"title\"/>\n<span class=\"tc-tiddler-controls tc-titlebar\"><$list filter=\"[all[shadows+tiddlers]tag[$:/tags/EditToolbar]!has[draft.of]]\" variable=\"listItem\"><$reveal type=\"nomatch\" state=<<config-title>> text=\"hide\"><$transclude tiddler=<<listItem>>/></$reveal></$list></span>\n<div style=\"clear: both;\"></div>\n</div>\n\\end\n<$list variable=\"sectionTemplate\" filter=\"[all[current]subfilter:tag[$:/config/ui/EditTemplate/controls]]\" emptyMessage=<<tiddler-controls-edit>> >\n\n<$list variable=\"debugTemplate\" filter=\"[[$:/config/ui/Debug/Templates]contains{!!draft.of}]\">\n<span class=\"tc-tiddler-debug tc-debug-section\">\n<$set name=\"tv-wikilinks\" value=\"yes\"><$link to=<<sectionTemplate>> tooltip=<<sectionTemplate>> >{{$:/core/images/transcludify}} <<sectionTemplate>></$link></$set>\n</span>\n</$list>\n\n<$transclude tiddler=<<sectionTemplate>> >\n\n<$tiddler tiddler=<<sectionTemplate>> >\n\n<$transclude tiddler=\"$:/language/MissingTiddler/Hint\"/>\n\n</$tiddler>\n\n</$transclude>\n\n</$list>"},{"title":"$:/core/ui/EditTemplate/fields","tags":"$:/tags/EditTemplate","text":"\\define lingo-base() $:/language/EditTemplate/\n\\define config-title()\n$:/config/EditTemplateFields/Visibility/$(currentField)$\n\\end\n\n\\define config-filter()\n[[hide]] -[title{$(config-title)$}]\n\\end\n\n\\define current-tiddler-new-field-selector()\n[data-tiddler-title=\"$(currentTiddlerCSSescaped)$\"] .tc-edit-field-add-name input\n\\end\n\n\\define new-field-actions()\n<$action-sendmessage $message=\"tm-add-field\" $name={{{ [<newFieldNameTiddler>get[text]] }}} $value={{{ [<newFieldValueTiddler>get[text]] }}}/>\n<$action-deletetiddler $tiddler=<<newFieldNameTiddler>>/>\n<$action-deletetiddler $tiddler=<<newFieldValueTiddler>>/>\n<$action-sendmessage $message=\"tm-focus-selector\" $param=<<current-tiddler-new-field-selector>>/>\n\\end\n\n\\define new-field()\n<$vars name={{{ [<newFieldNameTiddler>get[text]] }}}>\n<$reveal type=\"nomatch\" text=\"\" default=<<name>>>\n<$button tooltip=<<lingo Fields/Add/Button/Hint>>>\n<$action-sendmessage $message=\"tm-add-field\"\n$name=<<name>>\n$value={{{ [<newFieldValueTiddler>get[text]] }}}/>\n<$action-deletetiddler $tiddler=<<newFieldNameTiddler>>/>\n<$action-deletetiddler $tiddler=<<newFieldValueTiddler>>/>\n<<lingo Fields/Add/Button>>\n</$button>\n</$reveal>\n<$reveal type=\"match\" text=\"\" default=<<name>>>\n<$button>\n<<lingo Fields/Add/Button>>\n</$button>\n</$reveal>\n</$vars>\n\\end\n\\define tiddler-fields-edit()\n<div class=\"tc-edit-fields\">\n<table class=\"tc-edit-fields\">\n<tbody>\n<$list filter=\"[all[current]fields[]] +[sort[title]]\" variable=\"currentField\" storyview=\"pop\">\n<$list filter=<<config-filter>> variable=\"temp\">\n<tr class=\"tc-edit-field\">\n<td class=\"tc-edit-field-name\">\n<$text text=<<currentField>>/>:</td>\n<td class=\"tc-edit-field-value\">\n<$edit-text tiddler=<<currentTiddler>> field=<<currentField>> placeholder={{$:/language/EditTemplate/Fields/Add/Value/Placeholder}} tabindex={{$:/config/EditTabIndex}}/>\n</td>\n<td class=\"tc-edit-field-remove\">\n<$button class=\"tc-btn-invisible\" tooltip={{$:/language/EditTemplate/Field/Remove/Hint}} aria-label={{$:/language/EditTemplate/Field/Remove/Caption}}>\n<$action-deletefield $field=<<currentField>>/>\n{{$:/core/images/delete-button}}\n</$button>\n</td>\n</tr>\n</$list>\n</$list>\n</tbody>\n</table>\n</div>\n\n<$fieldmangler>\n<div class=\"tc-edit-field-add\">\n<em class=\"tc-edit\">\n<<lingo Fields/Add/Prompt>>&nbsp;&nbsp;\n</em>\n<span class=\"tc-edit-field-add-name\">\n<$edit-text tiddler=<<newFieldNameTiddler>> tag=\"input\" default=\"\" placeholder={{$:/language/EditTemplate/Fields/Add/Name/Placeholder}} focusPopup=<<qualify \"$:/state/popup/field-dropdown\">> class=\"tc-edit-texteditor tc-popup-handle\" tabindex={{$:/config/EditTabIndex}} focus={{{ [{$:/config/AutoFocus}match[fields]then[true]] ~[[false]] }}}/>\n</span>&nbsp;\n<$button popup=<<qualify \"$:/state/popup/field-dropdown\">> class=\"tc-btn-invisible tc-btn-dropdown\" tooltip={{$:/language/EditTemplate/Field/Dropdown/Hint}} aria-label={{$:/language/EditTemplate/Field/Dropdown/Caption}}>{{$:/core/images/down-arrow}}</$button>&nbsp;\n<$reveal state=<<qualify \"$:/state/popup/field-dropdown\">> type=\"nomatch\" text=\"\" default=\"\">\n<div class=\"tc-block-dropdown tc-edit-type-dropdown\">\n<$set name=\"tv-show-missing-links\" value=\"yes\">\n<$linkcatcher to=<<newFieldNameTiddler>>>\n<div class=\"tc-dropdown-item\">\n<<lingo Fields/Add/Dropdown/User>>\n</div>\n<$set name=\"newFieldName\" value={{{ [<newFieldNameTiddler>get[text]] }}}>\n<$list filter=\"[!is[shadow]!is[system]fields[]search:title<newFieldName>sort[]] -created -creator -draft.of -draft.title -modified -modifier -tags -text -title -type\"  variable=\"currentField\">\n<$link to=<<currentField>>>\n<$text text=<<currentField>>/>\n</$link>\n</$list>\n<div class=\"tc-dropdown-item\">\n<<lingo Fields/Add/Dropdown/System>>\n</div>\n<$list filter=\"[fields[]search:title<newFieldName>sort[]] -[!is[shadow]!is[system]fields[]]\" variable=\"currentField\">\n<$link to=<<currentField>>>\n<$text text=<<currentField>>/>\n</$link>\n</$list>\n</$set>\n</$linkcatcher>\n</$set>\n</div>\n</$reveal>\n<span class=\"tc-edit-field-add-value\">\n<$set name=\"currentTiddlerCSSescaped\" value={{{ [<currentTiddler>escapecss[]] }}}>\n<$keyboard key=\"((add-field))\" actions=<<new-field-actions>>>\n<$edit-text tiddler=<<newFieldValueTiddler>> tag=\"input\" default=\"\" placeholder={{$:/language/EditTemplate/Fields/Add/Value/Placeholder}} class=\"tc-edit-texteditor\" tabindex={{$:/config/EditTabIndex}}/>\n</$keyboard>\n</$set>\n</span>&nbsp;\n<span class=\"tc-edit-field-add-button\">\n<$macrocall $name=\"new-field\"/>\n</span>\n</div>\n</$fieldmangler>\n\\end\n\\whitespace trim\n<$list variable=\"sectionTemplate\" filter=\"[all[current]subfilter:tag[$:/config/ui/EditTemplate/fields]]\" emptyMessage=<<tiddler-fields-edit>> >\n\n<$list variable=\"debugTemplate\" filter=\"[[$:/config/ui/Debug/Templates]contains{!!draft.of}]\">\n<span class=\"tc-tiddler-debug tc-debug-section\">\n<$set name=\"tv-wikilinks\" value=\"yes\"><$link to=<<sectionTemplate>> tooltip=<<sectionTemplate>> >{{$:/core/images/transcludify}} <<sectionTemplate>></$link></$set>\n</span>\n</$list>\n\n<$transclude tiddler=<<sectionTemplate>> >\n\n<$tiddler tiddler=<<sectionTemplate>> >\n\n<$transclude tiddler=\"$:/language/MissingTiddler/Hint\"/>\n\n</$tiddler>\n\n</$transclude>\n\n</$list>"},{"title":"$:/core/ui/EditTemplate/tags","tags":"$:/tags/EditTemplate","text":"\\whitespace trim\n\n\\define lingo-base() $:/language/EditTemplate/\n\n\\define tag-styles()\nbackground-color:$(backgroundColor)$;\nfill:$(foregroundColor)$;\ncolor:$(foregroundColor)$;\n\\end\n\n\\define tag-body-inner(colour,fallbackTarget,colourA,colourB,icon)\n\\whitespace trim\n<$vars foregroundColor=<<contrastcolour target:\"\"\"$colour$\"\"\" fallbackTarget:\"\"\"$fallbackTarget$\"\"\" colourA:\"\"\"$colourA$\"\"\" colourB:\"\"\"$colourB$\"\"\">> backgroundColor=\"\"\"$colour$\"\"\">\n<span style=<<tag-styles>> class=\"tc-tag-label tc-tag-list-item\">\n<$transclude tiddler=\"\"\"$icon$\"\"\"/><$view field=\"title\" format=\"text\" />\n<$button message=\"tm-remove-tag\" param={{!!title}} class=\"tc-btn-invisible tc-remove-tag-button\">{{$:/core/images/close-button}}</$button>\n</span>\n</$vars>\n\\end\n\n\\define tag-body(colour,palette,icon)\n<$macrocall $name=\"tag-body-inner\" colour=\"\"\"$colour$\"\"\" fallbackTarget={{$palette$##tag-background}} colourA={{$palette$##foreground}} colourB={{$palette$##background}} icon=\"\"\"$icon$\"\"\"/>\n\\end\n\\define tiddler-tags-edit()\n<div class=\"tc-edit-tags\">\n<$fieldmangler>\n<$list filter=\"[all[current]tags[]sort[title]]\" storyview=\"pop\">\n<$macrocall $name=\"tag-body\" colour={{!!color}} palette={{$:/palette}} icon={{!!icon}}/>\n</$list>\n<$set name=\"tabIndex\" value={{$:/config/EditTabIndex}}>\n<$macrocall $name=\"tag-picker\"/>\n</$set>\n</$fieldmangler>\n</div>\n\\end\n<$list variable=\"sectionTemplate\" filter=\"[all[current]subfilter:tag[$:/config/ui/EditTemplate/tags]]\" emptyMessage=<<tiddler-tags-edit>> >\n\n<$list variable=\"debugTemplate\" filter=\"[[$:/config/ui/Debug/Templates]contains{!!draft.of}]\">\n<span class=\"tc-tiddler-debug tc-debug-section\">\n<$set name=\"tv-wikilinks\" value=\"yes\"><$link to=<<sectionTemplate>> tooltip=<<sectionTemplate>> >{{$:/core/images/transcludify}} <<sectionTemplate>></$link></$set>\n</span>\n</$list>\n\n<$transclude tiddler=<<sectionTemplate>> >\n\n<$tiddler tiddler=<<sectionTemplate>> >\n\n<$transclude tiddler=\"$:/language/MissingTiddler/Hint\"/>\n\n</$tiddler>\n\n</$transclude>\n\n</$list>"},{"title":"$:/core/ui/EditTemplate/title","tags":"$:/tags/EditTemplate","text":"<$edit-text field=\"draft.title\" class=\"tc-titlebar tc-edit-texteditor\" focus=\"true\" tabindex={{$:/config/EditTabIndex}}/>\n\n<$reveal state=\"!!draft.title\" type=\"nomatch\" text={{!!draft.of}} tag=\"div\">\n\n<$list filter=\"[{!!draft.title}!is[missing]]\" variable=\"listItem\">\n\n<div class=\"tc-message-box\">\n\n{{$:/core/images/warning}} {{$:/language/EditTemplate/Title/Exists/Prompt}}\n\n</div>\n\n</$list>\n\n<$list filter=\"[{!!draft.of}!is[missing]]\" variable=\"listItem\">\n\n<$vars fromTitle={{!!draft.of}} toTitle={{!!draft.title}}>\n\n<$checkbox tiddler=\"$:/config/RelinkOnRename\" field=\"text\" checked=\"yes\" unchecked=\"no\" default=\"no\"> {{$:/language/EditTemplate/Title/Relink/Prompt}}</$checkbox>\n\n<$list filter=\"[all[relinkable]relink:references<fromTitle>limit[1]]\" variable=\"listItem\">\n\n<$vars stateTiddler=<<qualify \"$:/state/edit/references\">> >\n\n<$tiddler tiddler=<<fromTitle>> >\n\n<$set\n\tname=\"prompt\"\n\tfilter=\"[all[relinkable]relink:impossible<toTitle>]\"\n\tvalue=\"EditTemplate/Title/Impossibles/Prompt\"\n\temptyValue=\"EditTemplate/Title/References/Prompt\" >\n<$reveal type=\"nomatch\" state=<<stateTiddler>> text=\"show\">\n<$button set=<<stateTiddler>> setTo=\"show\" class=\"tc-btn-invisible\">{{$:/core/images/right-arrow}}\n<$macrocall $name=lingo title=<<prompt>> />\n</$button>\n</$reveal>\n<$reveal type=\"match\" state=<<stateTiddler>> text=\"show\">\n<$button set=<<stateTiddler>> setTo=\"hide\" class=\"tc-btn-invisible\">{{$:/core/images/down-arrow}}\n<$macrocall $name=lingo title=<<prompt>> />\n</$button>\n</$reveal>\n</$set>\n\n<$reveal type=\"match\" state=<<stateTiddler>> text=\"show\">\n<$list variable=\"listItem\" filter=\"[all[relinkable]!title[$:/StoryList]relink:references<fromTitle>sort[title]]\" template=\"$:/plugins/flibbles/relink/ui/ListItemTemplate\">\n</$list>\n</$reveal>\n</$tiddler>\n\n</$vars>\n\n</$list>\n\n</$vars>\n\n</$list>\n\n</$reveal>\n"},{"title":"$:/core/ui/EditTemplate/type","tags":"$:/tags/EditTemplate","text":"\\define lingo-base() $:/language/EditTemplate/\n\\whitespace trim\n\\define tiddler-type-edit()\n<div class=\"tc-type-selector\"><$fieldmangler>\n<em class=\"tc-edit\"><<lingo Type/Prompt>></em>&nbsp;&nbsp;<$edit-text field=\"type\" tag=\"input\" default=\"\" placeholder={{$:/language/EditTemplate/Type/Placeholder}} focusPopup=<<qualify \"$:/state/popup/type-dropdown\">> class=\"tc-edit-typeeditor tc-edit-texteditor tc-popup-handle\" tabindex={{$:/config/EditTabIndex}} focus={{{ [{$:/config/AutoFocus}match[type]then[true]] ~[[false]] }}}/>&nbsp;<$button popup=<<qualify \"$:/state/popup/type-dropdown\">> class=\"tc-btn-invisible tc-btn-dropdown\" tooltip={{$:/language/EditTemplate/Type/Dropdown/Hint}} aria-label={{$:/language/EditTemplate/Type/Dropdown/Caption}}>{{$:/core/images/down-arrow}}</$button>&nbsp;<$button message=\"tm-remove-field\" param=\"type\" class=\"tc-btn-invisible tc-btn-icon\" tooltip={{$:/language/EditTemplate/Type/Delete/Hint}} aria-label={{$:/language/EditTemplate/Type/Delete/Caption}}>{{$:/core/images/delete-button}}</$button>\n</$fieldmangler></div>\n\n<div class=\"tc-block-dropdown-wrapper\">\n<$set name=\"tv-show-missing-links\" value=\"yes\">\n<$reveal state=<<qualify \"$:/state/popup/type-dropdown\">> type=\"nomatch\" text=\"\" default=\"\">\n<div class=\"tc-block-dropdown tc-edit-type-dropdown\">\n<$linkcatcher to=\"!!type\">\n<$list filter='[all[shadows+tiddlers]prefix[$:/language/Docs/Types/]each[group]sort[group-sort]]'>\n<div class=\"tc-dropdown-item\">\n<$text text={{!!group}}/>\n</div>\n<$list filter=\"[all[shadows+tiddlers]prefix[$:/language/Docs/Types/]group{!!group}] +[sort[description]]\"><$link to={{!!name}}><$view field=\"description\"/> (<$view field=\"name\"/>)</$link>\n</$list>\n</$list>\n</$linkcatcher>\n</div>\n</$reveal>\n</$set>\n</div>\n\\end\n<$list variable=\"sectionTemplate\" filter=\"[all[current]subfilter:tag[$:/config/ui/EditTemplate/type]]\" emptyMessage=<<tiddler-type-edit>> >\n\n<$list variable=\"debugTemplate\" filter=\"[[$:/config/ui/Debug/Templates]contains{!!draft.of}]\">\n<span class=\"tc-tiddler-debug tc-debug-section\">\n<$set name=\"tv-wikilinks\" value=\"yes\"><$link to=<<sectionTemplate>> tooltip=<<sectionTemplate>> >{{$:/core/images/transcludify}} <<sectionTemplate>></$link></$set>\n</span>\n</$list>\n\n<$transclude tiddler=<<sectionTemplate>> >\n\n<$tiddler tiddler=<<sectionTemplate>> >\n\n<$transclude tiddler=\"$:/language/MissingTiddler/Hint\"/>\n\n</$tiddler>\n\n</$transclude>\n\n</$list>"},{"title":"$:/core/ui/PageTemplate/story","tags":"$:/tags/PageTemplate","text":"\\whitespace trim\n<section class=\"tc-story-river\">\n\n<section class=\"story-backdrop\">\n\n<$list filter=\"[all[shadows+tiddlers]tag[$:/tags/AboveStory]!has[draft.of]]\">\n\n<$transclude/>\n\n</$list>\n\n</section>\n\n<$list filter=\"[list[$:/StoryList]]\" history=\"$:/HistoryList\" template={{{ [subfilter{$:/config/ui/ViewTemplate}] }}} editTemplate={{{ [subfilter{$:/config/ui/EditTemplate}] }}} storyview={{$:/view}} emptyMessage={{$:/config/EmptyStoryMessage}}/>\n\n<section class=\"story-frontdrop\">\n\n<$list filter=\"[all[shadows+tiddlers]tag[$:/tags/BelowStory]!has[draft.of]]\">\n\n<$transclude/>\n\n</$list>\n\n</section>\n\n</section>\n"},{"title":"$:/core/ui/TiddlerInfo/Advanced","tags":"$:/tags/TiddlerInfo","caption":"{{$:/language/TiddlerInfo/Advanced/Caption}}","text":"<$list filter=\"[all[shadows+tiddlers]tag[$:/tags/TiddlerInfo/Advanced]!has[draft.of]]\" variable=\"listItem\">\n\n<$transclude tiddler=<<listItem>> mode=\"block\"/>\n\n</$list>\n"},{"title":"$:/core/ui/TiddlerInfo/Advanced/TemplateInfo","tags":"$:/tags/TiddlerInfo/Advanced","text":"\\define lingo-base() $:/language/TiddlerInfo/Advanced/TemplateInfo/\n\\define view-base() $:/config/ui/ViewTemplate/\n\\define edit-base() $:/config/ui/EditTemplate/\n\\define view-sections() titlebar icon title controls subtitle tags body\n\\define edit-sections() title controls tags body type fields\n\\define debug-on-actions(input:\"list\")\n<$action-listops $tiddler=\"$:/config/ui/Debug/Templates\" $field=\"$input$\" $subfilter=\"+[append<currentTiddler>]\"/>\n\\end\n\\define debug-off-actions(input:\"list\")\n<$action-listops $tiddler=\"$:/config/ui/Debug/Templates\" $field=\"$input$\" $subfilter=\"+[remove<currentTiddler>]\"/>\n\\end\n\\define debug-empty-message()\n<p>\n<$button tag=\"div\" class=\"tc-btn-invisible tc-tiddlylink\" actions=<<debug-on-actions>> tooltip=\"Click to show transcludify icons for custom templates.\">\n<span class=\"tc-debug-config tc-debug-config-off\">\n{{$:/core/images/preview-closed}} {{$:/core/images/transcludify}} ''Debug Templates Off''\n</span>\n</$button>\n</p>\n\\end\n\\define countTemplates()\n<$set name=\"allTags\" filter=\"[all[shadows+tiddlers]tags[]prefix[$:/config/ui/ViewTemplate/]] [all[shadows+tiddlers]tags[]prefix[$:/config/ui/ViewTemplate/]]\">\n{{{ [enlist<allTags>tagging[]count[]] }}}\n</$set>\n\\end\n''Custom Tiddler Templates''\n<div class=\"tc-tiddler-debug\">\n\n<$list variable=\"customTemplateHelp\" filter=\"[{$:/config/ui/Debug/Templates!!template-help}match<currentTiddler>]\" emptyMessage=\"\"\"\n<p><$button tag=\"div\" class=\"tc-btn-invisible tc-tiddlylink tc-debug-config\" setTitle=\"$:/config/ui/Debug/Templates\" setField=\"template-help\" setTo=<<currentTiddler>> tooltip=\"Open custom template help.\">{{$:/core/images/chevron-down}} {{$:/core/images/help}} ''Template Help''</$button></p>\n\"\"\" >\n\n<$button tag=\"div\" class=\"tc-btn-invisible tc-tiddlylink tc-debug-config\" setTitle=\"$:/config/ui/Debug/Templates\" setField=\"template-help\" setTo=\"\" tooltip=\"Open custom template help.\">{{$:/core/images/chevron-up}} {{$:/core/images/help}} ''Template Help''</$button>\n\nThere are ''<$macrocall $name=\"countTemplates\" $output=\"text/plain\"/>'' config tiddlers defined, but not all of them may apply to this tiddler.\n\nTo define custom templates, tag a tiddler with one of the following tags. Click each tag to view or reorder the templates. Each tagged tiddlers' text is used in a `subfilter` operation using `currentTiddler` as input. The titles output by the filters will be transcluded as that section of the view or edit template, in the place of the default content. \n\nThe filter results, i.e. the active \"custom templates\" for the current tiddler are shown below each tag next to the transcludify icon. Use the Debug Icons button to display a link to each custom template before the tanscluded content. Note: when the [[$:/config/Tiddlers/TitleLinks]] tiddler's text equals `yes`, then the trascludify icon will not link to the template, but it will still have an accurate tooltip.\n\nEach template's default content can be rendered within your own custom templates by using a `tiddler-body-view` or `tiddler-body-edit` macro, replacing `body` with one of the section names below.\n\nView Sections: <code><<view-sections>></code>\n\nEdit Sections: <code><<edit-sections>></code>\n</$list>\n\n<$list variable=\"config\" filter=\"[[$:/config/ui/Debug/Templates]contains<currentTiddler>]\" emptyMessage=<<debug-empty-message>> >\n    <p>\n    <$button tag=\"div\" class=\"tc-btn-invisible tc-tiddlylink\" actions=<<debug-off-actions>> tooltip=\"Click to hide trascludify icons for custom templates.\">\n    <span class=\"tc-debug-config tc-debug-config-on\">\n    {{$:/core/images/preview-open}} {{$:/core/images/transcludify}} ''Debug Templates On''\n    </span>\n    </$button>\n    </p>\n</$list>\n\n<!-- ViewTemplate config -->\n\n<$list variable=\"customTemplateHelp\" filter=\"[[$:/config/ui/Debug/Templates]contains:tags-view<currentTiddler>]\" emptyMessage=\"\"\"\n<p>\n<$button tag=\"div\" class=\"tc-btn-invisible tc-tiddlylink tc-debug-config\" actions=<<debug-on-actions input:\"tags-view\">> tooltip=\"Reveal view tags.\">{{$:/core/images/chevron-down}} {{$:/core/images/transcludify}} ''View Templates''</$button>\n</p>\"\"\" >\n\n    <$button tag=\"div\" class=\"tc-btn-invisible tc-tiddlylink tc-debug-config\" actions=<<debug-off-actions input:\"tags-view\">> tooltip=\"Hide view tags.\">{{$:/core/images/chevron-up}} {{$:/core/images/transcludify}} ''View Templates''</$button>\n\n    <$list variable=\"configTag\" filter=\"[all[shadows+tiddlers]tags[]prefix[$:/config/ui/ViewTemplate/]] +[enlist<view-sections>addprefix<view-base>]\">\n\n        <span class=\"tc-debug-tag\">\n        <$set name=\"tv-wikilinks\" value=\"yes\"><$link to=<<configTag>> tooltip=<<configTag>> >{{$:/core/images/config}}</$link></$set> <$macrocall $name=\"tag\" tag=<<configTag>> />\n        </span>\n\n        <ul class=\"tc-debug-template-list\">\n        <$list variable=\"sectionTemplate\" filter=\"[all[current]subfilter:tag<configTag>]\">\n        <li><span class=\"tc-tiddler-debug tc-debug-template\">\n        <$set name=\"tv-wikilinks\" value=\"yes\"><$link to=<<sectionTemplate>> tooltip=<<sectionTemplate>> >{{$:/core/images/transcludify}} <<sectionTemplate>></$link></$set>\n        </span></li>\n        </$list>\n        </ul>\n    </$list>\n</$list>\n\n<!-- EditTemplate config -->\n\n<$list variable=\"customTemplateHelp\" filter=\"[[$:/config/ui/Debug/Templates]contains:tags-edit<currentTiddler>]\" emptyMessage=\"\"\"\n<p>\n<$button tag=\"div\" class=\"tc-btn-invisible tc-tiddlylink tc-debug-config\" actions=<<debug-on-actions input:\"tags-edit\">> tooltip=\"Reveal edit tags.\">{{$:/core/images/chevron-down}} {{$:/core/images/transcludify}} ''Edit Templates''</$button>\n</p>\"\"\" >\n\n    <$button tag=\"div\" class=\"tc-btn-invisible tc-tiddlylink tc-debug-config\" actions=<<debug-off-actions input:\"tags-edit\">> tooltip=\"Hide edit tags.\">{{$:/core/images/chevron-up}} {{$:/core/images/transcludify}} ''Edit Templates''</$button>\n\n    <$list variable=\"configTag\" filter=\"[all[shadows+tiddlers]tags[]prefix[$:/config/ui/EditTemplate/]]  +[enlist<edit-sections>addprefix<edit-base>]\">\n\n        <span class=\"tc-debug-tag\">\n        <$set name=\"tv-wikilinks\" value=\"yes\"><$link to=<<configTag>> tooltip=<<configTag>> >{{$:/core/images/config}}</$link></$set> <$macrocall $name=\"tag\" tag=<<configTag>> />\n        </span>\n        <ul class=\"tc-debug-template-list\">\n        <$list variable=\"sectionTemplate\" filter=\"[all[current]subfilter:tag<configTag>]\">\n        <li><span class=\"tc-tiddler-debug tc-debug-template\">\n        <$set name=\"tv-wikilinks\" value=\"yes\"><$link to=<<sectionTemplate>> tooltip=<<sectionTemplate>> >{{$:/core/images/transcludify}} <<sectionTemplate>></$link></$set>\n        </span></li>\n        </$list>\n        </ul>\n    </$list>\n</$list>\n\n</div>"},{"title":"$:/core/ui/ViewTemplate/body","tags":"$:/tags/ViewTemplate","text":"\\define tiddler-body-view()\n<$list filter=\"[all[current]!has[plugin-type]!field:hide-body[yes]]\">\n\n<$transclude>\n\n<$transclude tiddler=\"$:/language/MissingTiddler/Hint\"/>\n\n</$transclude>\n\n</$list>\n\\end\n<$reveal tag=\"div\" class=\"tc-tiddler-body\" type=\"nomatch\" stateTitle=<<folded-state>> text=\"hide\" retain=\"yes\" animate=\"yes\">\n\n<$list variable=\"sectionTemplate\" filter=\"[all[current]subfilter:tag[$:/config/ui/ViewTemplate/body]]\" emptyMessage=<<tiddler-body-view>> >\n\n<$list variable=\"debugTemplate\" filter=\"[[$:/config/ui/Debug/Templates]contains<currentTiddler>]\">\n<span class=\"tc-tiddler-debug tc-debug-section\">\n<$set name=\"tv-wikilinks\" value=\"yes\"><$link to=<<sectionTemplate>> tooltip=<<sectionTemplate>> >{{$:/core/images/transcludify}} <<sectionTemplate>></$link></$set>\n</span>\n</$list>\n\n<$transclude tiddler=<<sectionTemplate>> >\n\n<$tiddler tiddler=<<sectionTemplate>> >\n\n<$transclude tiddler=\"$:/language/MissingTiddler/Hint\"/>\n\n</$tiddler>\n\n</$transclude>\n\n</$list>\n\n</$reveal>"},{"title":"$:/core/ui/ViewTemplate/plugin","tags":"$:/tags/ViewTemplate","text":"<$reveal tag=\"div\" class=\"tc-tiddler-plugin-info\" type=\"nomatch\" stateTitle=<<folded-state>> text=\"hide\" retain=\"yes\" animate=\"yes\">\n\n<$list filter=\"[all[current]has[plugin-type]] -[all[current]field:plugin-type[import]]\">\n<$set name=\"plugin-type\" value={{!!plugin-type}}>\n<$set name=\"default-popup-state\" value=\"yes\">\n<$set name=\"qualified-state\" value=<<qualify \"$:/state/plugin-info\">>>\n{{||$:/core/ui/Components/plugin-info}}\n</$set>\n</$set>\n</$set>\n</$list>\n\n</$reveal>"},{"title":"$:/core/ui/ViewTemplate/subtitle","tags":"$:/tags/ViewTemplate","text":"\\whitespace trim\n\\define tiddler-subtitle-view()\n<$link to={{!!modifier}} />\n<$view field=\"modified\" format=\"date\" template={{$:/language/Tiddler/DateFormat}}/>\n\\end\n<$reveal type=\"nomatch\" class=\"tc-subtitle\" stateTitle=<<folded-state>> text=\"hide\" tag=\"div\" retain=\"yes\" animate=\"yes\">\n<$list variable=\"sectionTemplate\" filter=\"[all[current]subfilter:tag[$:/config/ui/ViewTemplate/subtitle]]\" emptyMessage=<<tiddler-subtitle-view>> >\n<$list variable=\"debugTemplate\" filter=\"[[$:/config/ui/Debug/Templates]contains<currentTiddler>]\">\n<span class=\"tc-tiddler-debug tc-debug-section\">\n<$set name=\"tv-wikilinks\" value=\"yes\"><$link to=<<sectionTemplate>> tooltip=<<sectionTemplate>> >{{$:/core/images/transcludify}} <<sectionTemplate>></$link></$set>\n</span>\n</$list>\n<$transclude tiddler=<<sectionTemplate>> >\n<$tiddler tiddler=<<sectionTemplate>> >\n<$transclude tiddler=\"$:/language/MissingTiddler/Hint\"/>\n</$tiddler>\n</$transclude>\n</$list>\n</$reveal>"},{"title":"$:/core/ui/ViewTemplate/tags","tags":"$:/tags/ViewTemplate","text":"\\define tiddler-tags-view()\n<$list filter=\"[all[current]tags[]sort[title]]\" template=\"$:/core/ui/TagTemplate\" storyview=\"pop\"/>\n\\end\n<$reveal type=\"nomatch\" class=\"tc-tags-wrapper\" stateTitle=<<folded-state>> text=\"hide\" tag=\"div\" retain=\"yes\" animate=\"yes\">\n<$list variable=\"sectionTemplate\" filter=\"[all[current]subfilter:tag[$:/config/ui/ViewTemplate/tags]]\" emptyMessage=<<tiddler-tags-view>> >\n<$list variable=\"debugTemplate\" filter=\"[[$:/config/ui/Debug/Templates]contains<currentTiddler>]\">\n<span class=\"tc-tiddler-debug tc-debug-section\">\n<$set name=\"tv-wikilinks\" value=\"yes\"><$link to=<<sectionTemplate>> tooltip=<<sectionTemplate>> >{{$:/core/images/transcludify}} <<sectionTemplate>></$link></$set>\n</span>\n</$list>\n<$transclude tiddler=<<sectionTemplate>> >\n<$tiddler tiddler=<<sectionTemplate>> >\n<$transclude tiddler=\"$:/language/MissingTiddler/Hint\"/>\n</$tiddler>\n</$transclude>\n</$list>\n</$reveal>"},{"title":"$:/core/ui/ViewTemplate/title","tags":"$:/tags/ViewTemplate","text":"\\whitespace trim\n\\define title-styles()\nfill:$(foregroundColor)$;\n\\end\n\\define config-title()\n$:/config/ViewToolbarButtons/Visibility/$(listItem)$\n\\end\n\\define tiddler-controls-view()\n<$list filter=\"[all[shadows+tiddlers]tag[$:/tags/ViewToolbar]!has[draft.of]]\" variable=\"listItem\">\n    <$reveal type=\"nomatch\" state=<<config-title>> text=\"hide\">\n    <$set name=\"tv-config-toolbar-class\" filter=\"[<tv-config-toolbar-class>] [<listItem>encodeuricomponent[]addprefix[tc-btn-]]\">\n    <$transclude tiddler=<<listItem>>/>\n    </$set>\n    </$reveal>\n</$list>\n\\end\n\\define tiddler-icon-view()\n<$set name=\"foregroundColor\" value={{!!color}}>\n<span class=\"tc-tiddler-title-icon\" style=<<title-styles>>>\n    <$transclude tiddler={{!!icon}}>\n    <$transclude tiddler={{$:/config/DefaultTiddlerIcon}}/>\n    </$transclude>\n</span>\n</$set>\n\\end\n\\define tiddler-title-view()\n<$list filter=\"[all[current]removeprefix[$:/]]\">\n    <h2 class=\"tc-title\" title={{$:/language/SystemTiddler/Tooltip}}>\n    <span class=\"tc-system-title-prefix\">$:/</span><$text text=<<currentTiddler>>/>\n    </h2>\n</$list>\n<$list filter=\"[all[current]!prefix[$:/]]\">\n    <h2 class=\"tc-title\">\n    <$view field=\"title\"/>\n    </h2>\n</$list>\n\\end\n\\define tiddler-titlebar-view()\n<div class=\"tc-titlebar\">\n    <span class=\"tc-tiddler-controls\">\n    <$list variable=\"sectionTemplate\" filter=\"[all[current]subfilter:tag[$:/config/ui/ViewTemplate/controls]]\" emptyMessage=<<tiddler-controls-view>> >\n        <$list variable=\"debugTemplate\" filter=\"[[$:/config/ui/Debug/Templates]contains<currentTiddler>]\">\n        <span class=\"tc-tiddler-debug tc-debug-section\">\n        <$set name=\"tv-wikilinks\" value=\"yes\"><$link to=<<sectionTemplate>> tooltip=<<sectionTemplate>> >{{$:/core/images/transcludify}} <<sectionTemplate>></$link></$set>\n        </span>\n        </$list>\n        <$transclude tiddler=<<sectionTemplate>> >\n        <$tiddler tiddler=<<sectionTemplate>> >\n        <$transclude tiddler=\"$:/language/MissingTiddler/Hint\"/>\n        </$tiddler>\n        </$transclude>\n    </$list>\n    </span>\n    <$set name=\"tv-wikilinks\" value={{$:/config/Tiddlers/TitleLinks}}>\n    <$link>\n    <$list variable=\"sectionTemplate\" filter=\"[all[current]subfilter:tag[$:/config/ui/ViewTemplate/icon]]\" emptyMessage=<<tiddler-icon-view>> >\n        <$list variable=\"debugTemplate\" filter=\"[[$:/config/ui/Debug/Templates]contains<currentTiddler>]\">\n        <span class=\"tc-tiddler-debug tc-debug-section\">\n        <$set name=\"tv-wikilinks\" value=\"yes\"><$link to=<<sectionTemplate>> tooltip=<<sectionTemplate>> >{{$:/core/images/transcludify}}</$link></$set>\n        </span>\n        </$list>\n        <$transclude tiddler=<<sectionTemplate>> >\n        <$tiddler tiddler=<<sectionTemplate>> >\n        <$transclude tiddler=\"$:/language/MissingTiddler/Hint\"/>\n        </$tiddler>\n        </$transclude>\n    </$list>\n    <$list variable=\"sectionTemplate\" filter=\"[all[current]subfilter:tag[$:/config/ui/ViewTemplate/title]]\" emptyMessage=<<tiddler-title-view>> >\n        <$list variable=\"debugTemplate\" filter=\"[[$:/config/ui/Debug/Templates]contains<currentTiddler>]\">\n        <span class=\"tc-tiddler-debug tc-debug-section\">\n        <$set name=\"tv-wikilinks\" value=\"yes\"><$link to=<<sectionTemplate>> tooltip=<<sectionTemplate>> >{{$:/core/images/transcludify}}</$link></$set>\n        </span>\n        </$list>\n        <$transclude tiddler=<<sectionTemplate>> >\n        <$tiddler tiddler=<<sectionTemplate>> >\n        <$transclude tiddler=\"$:/language/MissingTiddler/Hint\"/>\n        </$tiddler>\n        </$transclude>\n    </$list>\n    </$link>\n    </$set>\n</div>\n\\end\n<div class=\"tc-tiddler-title\">\n<$list variable=\"sectionTemplate\" filter=\"[all[current]subfilter:tag[$:/config/ui/ViewTemplate/titlebar]]\" emptyMessage=<<tiddler-titlebar-view>> >\n    <$list variable=\"debugTemplate\" filter=\"[[$:/config/ui/Debug/Templates]contains<currentTiddler>]\">\n    <span class=\"tc-tiddler-debug tc-debug-section\">\n    <$set name=\"tv-wikilinks\" value=\"yes\"><$link to=<<sectionTemplate>> tooltip=<<sectionTemplate>> >{{$:/core/images/transcludify}}</$link></$set>\n    </span>\n    </$list>\n    <$transclude tiddler=<<sectionTemplate>> >\n    <$tiddler tiddler=<<sectionTemplate>> >\n    <$transclude tiddler=\"$:/language/MissingTiddler/Hint\"/>\n    </$tiddler>\n    </$transclude>\n</$list>\n<$reveal type=\"nomatch\" text=\"\" default=\"\" state=<<tiddlerInfoState>> class=\"tc-tiddler-info tc-popup-handle\" animate=\"yes\" retain=\"yes\">\n\n<$list filter=\"[all[shadows+tiddlers]tag[$:/tags/TiddlerInfoSegment]!has[draft.of]] [[$:/core/ui/TiddlerInfo]]\" variable=\"listItem\"><$transclude tiddler=<<listItem>> mode=\"block\"/></$list>\n\n</$reveal>\n</div>"},{"title":"$:/themes/tiddlywiki/vanilla/base","tags":"$:/tags/Stylesheet","text":"\\define custom-background-datauri()\n<$set name=\"background\" value={{$:/themes/tiddlywiki/vanilla/settings/backgroundimage}}>\n<$list filter=\"[<background>is[image]]\">\n`background: url(`\n<$list filter=\"[<background>!has[_canonical_uri]]\">\n`\"`<$macrocall $name=\"datauri\" title={{$:/themes/tiddlywiki/vanilla/settings/backgroundimage}}/>`\"`\n</$list>\n<$list filter=\"[<background>has[_canonical_uri]]\">\n`\"`<$view tiddler={{$:/themes/tiddlywiki/vanilla/settings/backgroundimage}} field=\"_canonical_uri\"/>`\"`\n</$list>\n`) center center;`\n`background-attachment: `{{$:/themes/tiddlywiki/vanilla/settings/backgroundimageattachment}}`;\n-webkit-background-size:` {{$:/themes/tiddlywiki/vanilla/settings/backgroundimagesize}}`;\n-moz-background-size:` {{$:/themes/tiddlywiki/vanilla/settings/backgroundimagesize}}`;\n-o-background-size:` {{$:/themes/tiddlywiki/vanilla/settings/backgroundimagesize}}`;\nbackground-size:` {{$:/themes/tiddlywiki/vanilla/settings/backgroundimagesize}}`;`\n</$list>\n</$set>\n\\end\n\n\\define if-fluid-fixed(text,hiddenSidebarText)\n<$reveal state=\"$:/themes/tiddlywiki/vanilla/options/sidebarlayout\" type=\"match\" text=\"fluid-fixed\">\n$text$\n<$reveal state=\"$:/state/sidebar\" type=\"nomatch\" text=\"yes\" default=\"yes\">\n$hiddenSidebarText$\n</$reveal>\n</$reveal>\n\\end\n\n\\define if-editor-height-fixed(then,else)\n<$reveal state=\"$:/config/TextEditor/EditorHeight/Mode\" type=\"match\" text=\"fixed\">\n$then$\n</$reveal>\n<$reveal state=\"$:/config/TextEditor/EditorHeight/Mode\" type=\"match\" text=\"auto\">\n$else$\n</$reveal>\n\\end\n\n\\rules only filteredtranscludeinline transcludeinline macrodef macrocallinline macrocallblock\n\n/*\n** Start with the normalize CSS reset, and then belay some of its effects\n*/\n\n{{$:/themes/tiddlywiki/vanilla/reset}}\n\n*, input[type=\"search\"] {\n\tbox-sizing: border-box;\n\t-moz-box-sizing: border-box;\n\t-webkit-box-sizing: border-box;\n}\n\nhtml button {\n\tline-height: 1.2;\n\tcolor: <<colour button-foreground>>;\n\tbackground: <<colour button-background>>;\n\tborder-color: <<colour button-border>>;\n}\n\n/*\n** Basic element styles\n*/\n\nhtml {\n\tfont-family: {{$:/themes/tiddlywiki/vanilla/settings/fontfamily}};\n\ttext-rendering: optimizeLegibility; /* Enables kerning and ligatures etc. */\n\t-webkit-font-smoothing: antialiased;\n\t-moz-osx-font-smoothing: grayscale;\n}\n\nhtml:-webkit-full-screen {\n\tbackground-color: <<colour page-background>>;\n}\n\nbody.tc-body {\n\tfont-size: {{$:/themes/tiddlywiki/vanilla/metrics/fontsize}};\n\tline-height: {{$:/themes/tiddlywiki/vanilla/metrics/lineheight}};\n\tword-wrap: break-word;\n\t<<custom-background-datauri>>\n\tcolor: <<colour foreground>>;\n\tbackground-color: <<colour page-background>>;\n\tfill: <<colour foreground>>;\n}\n\n<<if-background-attachment \"\"\"\n\nbody.tc-body {\n        background-color: transparent;\n}\n\n\"\"\">>\n\nh1, h2, h3, h4, h5, h6 {\n\tline-height: 1.2;\n\tfont-weight: 300;\n}\n\npre {\n\tdisplay: block;\n\tpadding: 14px;\n\tmargin-top: 1em;\n\tmargin-bottom: 1em;\n\tword-break: normal;\n\tword-wrap: break-word;\n\twhite-space: {{$:/themes/tiddlywiki/vanilla/options/codewrapping}};\n\tbackground-color: <<colour pre-background>>;\n\tborder: 1px solid <<colour pre-border>>;\n\tpadding: 0 3px 2px;\n\tborder-radius: 3px;\n\tfont-family: {{$:/themes/tiddlywiki/vanilla/settings/codefontfamily}};\n}\n\ncode {\n\tcolor: <<colour code-foreground>>;\n\tbackground-color: <<colour code-background>>;\n\tborder: 1px solid <<colour code-border>>;\n\twhite-space: {{$:/themes/tiddlywiki/vanilla/options/codewrapping}};\n\tpadding: 0 3px 2px;\n\tborder-radius: 3px;\n\tfont-family: {{$:/themes/tiddlywiki/vanilla/settings/codefontfamily}};\n}\n\nblockquote {\n\tborder-left: 5px solid <<colour blockquote-bar>>;\n\tmargin-left: 25px;\n\tpadding-left: 10px;\n\tquotes: \"\\201C\"\"\\201D\"\"\\2018\"\"\\2019\";\n}\n\nblockquote > div {\n\tmargin-top: 1em;\n\tmargin-bottom: 1em;\n}\n\nblockquote.tc-big-quote {\n\tfont-family: Georgia, serif;\n\tposition: relative;\n\tbackground: <<colour pre-background>>;\n\tborder-left: none;\n\tmargin-left: 50px;\n\tmargin-right: 50px;\n\tpadding: 10px;\n    border-radius: 8px;\n}\n\nblockquote.tc-big-quote cite:before {\n\tcontent: \"\\2014 \\2009\";\n}\n\nblockquote.tc-big-quote:before {\n\tfont-family: Georgia, serif;\n\tcolor: <<colour blockquote-bar>>;\n\tcontent: open-quote;\n\tfont-size: 8em;\n\tline-height: 0.1em;\n\tmargin-right: 0.25em;\n\tvertical-align: -0.4em;\n\tposition: absolute;\n    left: -50px;\n    top: 42px;\n}\n\nblockquote.tc-big-quote:after {\n\tfont-family: Georgia, serif;\n\tcolor: <<colour blockquote-bar>>;\n\tcontent: close-quote;\n\tfont-size: 8em;\n\tline-height: 0.1em;\n\tmargin-right: 0.25em;\n\tvertical-align: -0.4em;\n\tposition: absolute;\n    right: -80px;\n    bottom: -20px;\n}\n\ndl dt {\n\tfont-weight: bold;\n\tmargin-top: 6px;\n}\n\nbutton, textarea, input, select {\n\toutline-color: <<colour primary>>;\n}\n\ntextarea,\ninput[type=text],\ninput[type=search],\ninput[type=\"\"],\ninput:not([type]) {\n\tcolor: <<colour foreground>>;\n\tbackground: <<colour background>>;\n}\n\ninput[type=\"checkbox\"] {\n  vertical-align: middle;\n}\n\n.tc-muted {\n\tcolor: <<colour muted-foreground>>;\n}\n\nsvg.tc-image-button {\n\tpadding: 0px 1px 1px 0px;\n}\n\n.tc-icon-wrapper > svg {\n\twidth: 1em;\n\theight: 1em;\n}\n\nkbd {\n\tdisplay: inline-block;\n\tpadding: 3px 5px;\n\tfont-size: 0.8em;\n\tline-height: 1.2;\n\tcolor: <<colour foreground>>;\n\tvertical-align: middle;\n\tbackground-color: <<colour background>>;\n\tborder: solid 1px <<colour muted-foreground>>;\n\tborder-bottom-color: <<colour muted-foreground>>;\n\tborder-radius: 3px;\n\tbox-shadow: inset 0 -1px 0 <<colour muted-foreground>>;\n}\n\n::selection {\n\tbackground-color: <<colour primary>>;\n\tcolor: <<colour page-background>>;\n}\n\n::-moz-selection {\n\tbackground-color: <<colour primary>>;\n\tcolor: <<colour page-background>>;\n}\n\n/*\nMarkdown likes putting code elements inside pre elements\n*/\npre > code {\n\tpadding: 0;\n\tborder: none;\n\tbackground-color: inherit;\n\tcolor: inherit;\n}\n\ntable {\n\tborder: 1px solid <<colour table-border>>;\n\twidth: auto;\n\tmax-width: 100%;\n\tcaption-side: bottom;\n\tmargin-top: 1em;\n\tmargin-bottom: 1em;\n\t/* next 2 elements needed, since normalize 8.0.1 */\n\tborder-collapse: collapse;\n\tborder-spacing: 0;\n}\n\ntable th, table td {\n\tpadding: 0 7px 0 7px;\n\tborder-top: 1px solid <<colour table-border>>;\n\tborder-left: 1px solid <<colour table-border>>;\n}\n\ntable thead tr td, table th {\n\tbackground-color: <<colour table-header-background>>;\n\tfont-weight: bold;\n}\n\ntable tfoot tr td {\n\tbackground-color: <<colour table-footer-background>>;\n}\n\n.tc-csv-table {\n\twhite-space: nowrap;\n}\n\n.tc-tiddler-frame img,\n.tc-tiddler-frame svg,\n.tc-tiddler-frame canvas,\n.tc-tiddler-frame embed,\n.tc-tiddler-frame iframe {\n\tmax-width: 100%;\n}\n\n.tc-tiddler-body > embed,\n.tc-tiddler-body > iframe {\n\twidth: 100%;\n\theight: 600px;\n}\n\n/*\n** Links\n*/\n\nbutton.tc-tiddlylink,\na.tc-tiddlylink {\n\ttext-decoration: none;\n\tfont-weight: 500;\n\tcolor: <<colour tiddler-link-foreground>>;\n\t-webkit-user-select: inherit; /* Otherwise the draggable attribute makes links impossible to select */\n}\n\n.tc-sidebar-lists a.tc-tiddlylink {\n\tcolor: <<colour sidebar-tiddler-link-foreground>>;\n}\n\n.tc-sidebar-lists a.tc-tiddlylink:hover {\n\tcolor: <<colour sidebar-tiddler-link-foreground-hover>>;\n}\n\nbutton.tc-tiddlylink:hover,\na.tc-tiddlylink:hover {\n\ttext-decoration: underline;\n}\n\na.tc-tiddlylink-resolves {\n}\n\na.tc-tiddlylink-shadow {\n\tfont-weight: bold;\n}\n\na.tc-tiddlylink-shadow.tc-tiddlylink-resolves {\n\tfont-weight: normal;\n}\n\na.tc-tiddlylink-missing {\n\tfont-style: italic;\n}\n\na.tc-tiddlylink-external {\n\ttext-decoration: underline;\n\tcolor: <<colour external-link-foreground>>;\n\tbackground-color: <<colour external-link-background>>;\n}\n\na.tc-tiddlylink-external:visited {\n\tcolor: <<colour external-link-foreground-visited>>;\n\tbackground-color: <<colour external-link-background-visited>>;\n}\n\na.tc-tiddlylink-external:hover {\n\tcolor: <<colour external-link-foreground-hover>>;\n\tbackground-color: <<colour external-link-background-hover>>;\n}\n\n/*\n** Drag and drop styles\n*/\n\n.tc-tiddler-dragger {\n\tposition: relative;\n\tz-index: -10000;\n}\n\n.tc-tiddler-dragger-inner {\n\tposition: absolute;\n\ttop: -1000px;\n\tleft: -1000px;\n\tdisplay: inline-block;\n\tpadding: 8px 20px;\n\tfont-size: 16.9px;\n\tfont-weight: bold;\n\tline-height: 20px;\n\tcolor: <<colour dragger-foreground>>;\n\ttext-shadow: 0 1px 0 rgba(0, 0, 0, 1);\n\twhite-space: nowrap;\n\tvertical-align: baseline;\n\tbackground-color: <<colour dragger-background>>;\n\tborder-radius: 20px;\n}\n\n.tc-tiddler-dragger-cover {\n\tposition: absolute;\n\tbackground-color: <<colour page-background>>;\n}\n\n.tc-dropzone {\n\tposition: relative;\n}\n\n.tc-dropzone.tc-dragover:before {\n\tz-index: 10000;\n\tdisplay: block;\n\tposition: fixed;\n\ttop: 0;\n\tleft: 0;\n\tright: 0;\n\tbackground: <<colour dropzone-background>>;\n\ttext-align: center;\n\tcontent: \"<<lingo DropMessage>>\";\n}\n\n.tc-droppable > .tc-droppable-placeholder {\n\tdisplay: none;\n}\n\n.tc-droppable.tc-dragover > .tc-droppable-placeholder {\n\tdisplay: block;\n\tborder: 2px dashed <<colour dropzone-background>>;\n}\n\n.tc-draggable {\n\tcursor: move;\n}\n\n.tc-sidebar-tab-open .tc-droppable-placeholder, .tc-tagged-draggable-list .tc-droppable-placeholder,\n.tc-links-draggable-list .tc-droppable-placeholder {\n\tline-height: 2em;\n\theight: 2em;\n}\n\n.tc-sidebar-tab-open-item {\n\tposition: relative;\n}\n\n.tc-sidebar-tab-open .tc-btn-invisible.tc-btn-mini svg {\n\tfont-size: 0.7em;\n\tfill: <<colour muted-foreground>>;\n}\n\n/*\n** Plugin reload warning\n*/\n\n.tc-plugin-reload-warning {\n\tz-index: 1000;\n\tdisplay: block;\n\tposition: fixed;\n\ttop: 0;\n\tleft: 0;\n\tright: 0;\n\tbackground: <<colour alert-background>>;\n\ttext-align: center;\n}\n\n/*\n** Buttons\n*/\n\nbutton svg, button img, label svg, label img {\n\tvertical-align: middle;\n}\n\n.tc-btn-invisible {\n\tpadding: 0;\n\tmargin: 0;\n\tbackground: none;\n\tborder: none;\n    \tcursor: pointer;\n\tcolor: <<colour foreground>>;\n}\n\n.tc-btn-boxed {\n\tfont-size: 0.6em;\n\tpadding: 0.2em;\n\tmargin: 1px;\n\tbackground: none;\n\tborder: 1px solid <<colour tiddler-controls-foreground>>;\n\tborder-radius: 0.25em;\n}\n\nhtml body.tc-body .tc-btn-boxed svg {\n\tfont-size: 1.6666em;\n}\n\n.tc-btn-boxed:hover {\n\tbackground: <<colour muted-foreground>>;\n\tcolor: <<colour background>>;\n}\n\nhtml body.tc-body .tc-btn-boxed:hover svg {\n\tfill: <<colour background>>;\n}\n\n.tc-btn-rounded {\n\tfont-size: 0.5em;\n\tline-height: 2;\n\tpadding: 0em 0.3em 0.2em 0.4em;\n\tmargin: 1px;\n\tborder: 1px solid <<colour muted-foreground>>;\n\tbackground: <<colour muted-foreground>>;\n\tcolor: <<colour background>>;\n\tborder-radius: 2em;\n}\n\nhtml body.tc-body .tc-btn-rounded svg {\n\tfont-size: 1.6666em;\n\tfill: <<colour background>>;\n}\n\n.tc-btn-rounded:hover {\n\tborder: 1px solid <<colour muted-foreground>>;\n\tbackground: <<colour background>>;\n\tcolor: <<colour muted-foreground>>;\n}\n\nhtml body.tc-body .tc-btn-rounded:hover svg {\n\tfill: <<colour muted-foreground>>;\n}\n\n.tc-btn-icon svg {\n\theight: 1em;\n\twidth: 1em;\n\tfill: <<colour muted-foreground>>;\n}\n\n.tc-btn-text {\n\tpadding: 0;\n\tmargin: 0;\n}\n\n/* used for documentation \"fake\" buttons */\n.tc-btn-standard {\n\tline-height: 1.8;\n\tcolor: #667;\n\tbackground-color: #e0e0e0;\n\tborder: 1px solid #888;\n\tpadding: 2px 1px 2px 1px;\n\tmargin: 1px 4px 1px 4px;\n}\n\n.tc-btn-big-green {\n\tdisplay: inline-block;\n\tpadding: 8px;\n\tmargin: 4px 8px 4px 8px;\n\tbackground: <<colour download-background>>;\n\tcolor: <<colour download-foreground>>;\n\tfill: <<colour download-foreground>>;\n\tborder: none;\n\tborder-radius: 2px;\n\tfont-size: 1.2em;\n\tline-height: 1.4em;\n\ttext-decoration: none;\n}\n\n.tc-btn-big-green svg,\n.tc-btn-big-green img {\n\theight: 2em;\n\twidth: 2em;\n\tvertical-align: middle;\n\tfill: <<colour download-foreground>>;\n}\n\n.tc-primary-btn {\n \tbackground: <<colour primary>>;\n}\n\n.tc-sidebar-lists input {\n\tcolor: <<colour foreground>>;\n}\n\n.tc-sidebar-lists button {\n\tcolor: <<colour sidebar-button-foreground>>;\n\tfill: <<colour sidebar-button-foreground>>;\n}\n\n.tc-sidebar-lists button.tc-btn-mini {\n\tcolor: <<colour sidebar-muted-foreground>>;\n}\n\n.tc-sidebar-lists button.tc-btn-mini:hover {\n\tcolor: <<colour sidebar-muted-foreground-hover>>;\n}\n\nbutton svg.tc-image-button, button .tc-image-button img {\n\theight: 1em;\n\twidth: 1em;\n}\n\n.tc-unfold-banner {\n\tposition: absolute;\n\tpadding: 0;\n\tmargin: 0;\n\tbackground: none;\n\tborder: none;\n\twidth: 100%;\n\twidth: calc(100% + 2px);\n\tmargin-left: -43px;\n\ttext-align: center;\n\tborder-top: 2px solid <<colour tiddler-info-background>>;\n\tmargin-top: 4px;\n}\n\n.tc-unfold-banner:hover {\n\tbackground: <<colour tiddler-info-background>>;\n\tborder-top: 2px solid <<colour tiddler-info-border>>;\n}\n\n.tc-unfold-banner svg, .tc-fold-banner svg {\n\theight: 0.75em;\n\tfill: <<colour tiddler-controls-foreground>>;\n}\n\n.tc-unfold-banner:hover svg, .tc-fold-banner:hover svg {\n\tfill: <<colour tiddler-controls-foreground-hover>>;\n}\n\n.tc-fold-banner {\n\tposition: absolute;\n\tpadding: 0;\n\tmargin: 0;\n\tbackground: none;\n\tborder: none;\n\twidth: 23px;\n\ttext-align: center;\n\tmargin-left: -35px;\n\ttop: 6px;\n\tbottom: 6px;\n}\n\n.tc-fold-banner:hover {\n\tbackground: <<colour tiddler-info-background>>;\n}\n\n@media (max-width: {{$:/themes/tiddlywiki/vanilla/metrics/sidebarbreakpoint}}) {\n\n\t.tc-unfold-banner {\n\t\tposition: static;\n\t\twidth: calc(100% + 59px);\n\t}\n\n\t.tc-fold-banner {\n\t\twidth: 16px;\n\t\tmargin-left: -16px;\n\t\tfont-size: 0.75em;\n\t}\n\n}\n\n/*\n** Tags and missing tiddlers\n*/\n\n.tc-tag-list-item {\n\tposition: relative;\n\tdisplay: inline-block;\n\tmargin-right: 7px;\n}\n\n.tc-tags-wrapper {\n\tmargin: 4px 0 14px 0;\n}\n\n.tc-missing-tiddler-label {\n\tfont-style: italic;\n\tfont-weight: normal;\n\tdisplay: inline-block;\n\tfont-size: 11.844px;\n\tline-height: 14px;\n\twhite-space: nowrap;\n\tvertical-align: baseline;\n}\n\nbutton.tc-tag-label, span.tc-tag-label {\n\tdisplay: inline-block;\n\tpadding: 0.16em 0.7em;\n\tfont-size: 0.9em;\n\tfont-weight: 400;\n\tline-height: 1.2em;\n\tcolor: <<colour tag-foreground>>;\n\twhite-space: nowrap;\n\tvertical-align: baseline;\n\tbackground-color: <<colour tag-background>>;\n\tborder-radius: 1em;\n}\n\n.tc-sidebar-scrollable .tc-tag-label {\n\ttext-shadow: none;\n}\n\n.tc-untagged-separator {\n\twidth: 10em;\n\tleft: 0;\n\tmargin-left: 0;\n\tborder: 0;\n\theight: 1px;\n\tbackground: <<colour tab-divider>>;\n}\n\nbutton.tc-untagged-label {\n\tbackground-color: <<colour untagged-background>>;\n}\n\n.tc-tag-label svg, .tc-tag-label img {\n\theight: 1em;\n\twidth: 1em;\n\tmargin-right: 3px; \n\tmargin-bottom: 1px;\n\tvertical-align: text-bottom;\n}\n\n.tc-edit-tags button.tc-remove-tag-button svg {\n\tfont-size: 0.7em;\n\tvertical-align: middle;\n}\n\n.tc-tag-manager-table .tc-tag-label {\n\twhite-space: normal;\n}\n\n.tc-tag-manager-tag {\n\twidth: 100%;\n}\n\nbutton.tc-btn-invisible.tc-remove-tag-button {\n\toutline: none;\n}\n\n/*\n** Page layout\n*/\n\n.tc-topbar {\n\tposition: fixed;\n\tz-index: 1200;\n}\n\n.tc-topbar-left {\n\tleft: 29px;\n\ttop: 5px;\n}\n\n.tc-topbar-right {\n\ttop: 5px;\n\tright: 29px;\n}\n\n.tc-topbar button {\n\tpadding: 8px;\n}\n\n.tc-topbar svg {\n\tfill: <<colour muted-foreground>>;\n}\n\n.tc-topbar button:hover svg {\n\tfill: <<colour foreground>>;\n}\n\n.tc-sidebar-header {\n\tcolor: <<colour sidebar-foreground>>;\n\tfill: <<colour sidebar-foreground>>;\n}\n\n.tc-sidebar-header .tc-title a.tc-tiddlylink-resolves {\n\tfont-weight: 300;\n}\n\n.tc-sidebar-header .tc-sidebar-lists p {\n\tmargin-top: 3px;\n\tmargin-bottom: 3px;\n}\n\n.tc-sidebar-header .tc-missing-tiddler-label {\n\tcolor: <<colour sidebar-foreground>>;\n}\n\n.tc-advanced-search input {\n\twidth: 60%;\n}\n\n.tc-search a svg {\n\twidth: 1.2em;\n\theight: 1.2em;\n\tvertical-align: middle;\n}\n\n.tc-page-controls {\n\tmargin-top: 14px;\n\tfont-size: 1.5em;\n}\n\n.tc-page-controls .tc-drop-down {\n  font-size: 1rem;\n}\n\n.tc-page-controls button {\n\tmargin-right: 0.5em;\n}\n\n.tc-page-controls a.tc-tiddlylink:hover {\n\ttext-decoration: none;\n}\n\n.tc-page-controls img {\n\twidth: 1em;\n}\n\n.tc-page-controls svg {\n\tfill: <<colour sidebar-controls-foreground>>;\n}\n\n.tc-page-controls button:hover svg, .tc-page-controls a:hover svg {\n\tfill: <<colour sidebar-controls-foreground-hover>>;\n}\n\n.tc-menu-list-item {\n\twhite-space: nowrap;\n}\n\n.tc-menu-list-count {\n\tfont-weight: bold;\n}\n\n.tc-menu-list-subitem {\n\tpadding-left: 7px;\n}\n\n.tc-story-river {\n\tposition: relative;\n}\n\n@media (max-width: {{$:/themes/tiddlywiki/vanilla/metrics/sidebarbreakpoint}}) {\n\n\t.tc-sidebar-header {\n\t\tpadding: 14px;\n\t\tmin-height: 32px;\n\t\tmargin-top: {{$:/themes/tiddlywiki/vanilla/metrics/storytop}};\n\t}\n\n\t.tc-story-river {\n\t\tposition: relative;\n\t\tpadding: 0;\n\t}\n}\n\n@media (min-width: {{$:/themes/tiddlywiki/vanilla/metrics/sidebarbreakpoint}}) {\n\n\t.tc-message-box {\n\t\tmargin: 21px -21px 21px -21px;\n\t}\n\n\t.tc-sidebar-scrollable {\n\t\tposition: fixed;\n\t\ttop: {{$:/themes/tiddlywiki/vanilla/metrics/storytop}};\n\t\tleft: {{$:/themes/tiddlywiki/vanilla/metrics/storyright}};\n\t\tbottom: 0;\n\t\tright: 0;\n\t\toverflow-y: auto;\n\t\toverflow-x: auto;\n\t\t-webkit-overflow-scrolling: touch;\n\t\tmargin: 0 0 0 -42px;\n\t\tpadding: 71px 0 28px 42px;\n\t}\n\n\thtml[dir=\"rtl\"] .tc-sidebar-scrollable {\n\t\tleft: auto;\n\t\tright: {{$:/themes/tiddlywiki/vanilla/metrics/storyright}};\n\t}\n\n\t.tc-story-river {\n\t\tposition: relative;\n\t\tleft: {{$:/themes/tiddlywiki/vanilla/metrics/storyleft}};\n\t\ttop: {{$:/themes/tiddlywiki/vanilla/metrics/storytop}};\n\t\twidth: {{$:/themes/tiddlywiki/vanilla/metrics/storywidth}};\n\t\tpadding: 42px 42px 42px 42px;\n\t}\n\n<<if-no-sidebar \"\n\n\t.tc-story-river {\n\t\twidth: calc(100% - {{$:/themes/tiddlywiki/vanilla/metrics/storyleft}});\n\t}\n\n\">>\n\n}\n\n@media print {\n\n\tbody.tc-body {\n\t\tbackground-color: transparent;\n\t}\n\n\t.tc-sidebar-header, .tc-topbar {\n\t\tdisplay: none;\n\t}\n\n\t.tc-story-river {\n\t\tmargin: 0;\n\t\tpadding: 0;\n\t}\n\n\t.tc-story-river .tc-tiddler-frame {\n\t\tmargin: 0;\n\t\tborder: none;\n\t\tpadding: 0;\n\t}\n}\n\n/*\n** Tiddler styles\n*/\n\n.tc-tiddler-frame {\n\tposition: relative;\n\tmargin-bottom: 28px;\n\tbackground-color: <<colour tiddler-background>>;\n\tborder: 1px solid <<colour tiddler-border>>;\n}\n\n{{$:/themes/tiddlywiki/vanilla/sticky}}\n\n.tc-tiddler-info {\n\tpadding: 14px 42px 14px 42px;\n\tbackground-color: <<colour tiddler-info-background>>;\n\tborder-top: 1px solid <<colour tiddler-info-border>>;\n\tborder-bottom: 1px solid <<colour tiddler-info-border>>;\n}\n\n.tc-tiddler-info p {\n\tmargin-top: 3px;\n\tmargin-bottom: 3px;\n}\n\n.tc-tiddler-info .tc-tab-buttons button.tc-tab-selected {\n\tbackground-color: <<colour tiddler-info-tab-background>>;\n\tborder-bottom: 1px solid <<colour tiddler-info-tab-background>>;\n}\n\n.tc-view-field-table {\n\twidth: 100%;\n}\n\n.tc-view-field-name {\n\twidth: 1%; /* Makes this column be as narrow as possible */\n\ttext-align: right;\n\tfont-style: italic;\n\tfont-weight: 200;\n}\n\n.tc-view-field-value {\n}\n\n@media (max-width: {{$:/themes/tiddlywiki/vanilla/metrics/sidebarbreakpoint}}) {\n\t.tc-tiddler-frame {\n\t\tpadding: 14px 14px 14px 14px;\n\t}\n\n\t.tc-tiddler-info {\n\t\tmargin: 0 -14px 0 -14px;\n\t}\n}\n\n@media (min-width: {{$:/themes/tiddlywiki/vanilla/metrics/sidebarbreakpoint}}) {\n\t.tc-tiddler-frame {\n\t\tpadding: 28px 42px 42px 42px;\n\t\twidth: {{$:/themes/tiddlywiki/vanilla/metrics/tiddlerwidth}};\n\t\tborder-radius: 2px;\n\t}\n\n<<if-no-sidebar \"\n\n\t.tc-tiddler-frame {\n\t\twidth: 100%;\n\t}\n\n\">>\n\n\t.tc-tiddler-info {\n\t\tmargin: 0 -42px 0 -42px;\n\t}\n}\n\n.tc-site-title,\n.tc-titlebar {\n\tfont-weight: 300;\n\tfont-size: 2.35em;\n\tline-height: 1.2em;\n\tcolor: <<colour tiddler-title-foreground>>;\n\tmargin: 0;\n}\n\n.tc-site-title {\n\tcolor: <<colour site-title-foreground>>;\n}\n\n.tc-tiddler-title-icon {\n\tvertical-align: middle;\n\tmargin-right: .1em;\n}\n\n.tc-system-title-prefix {\n\tcolor: <<colour muted-foreground>>;\n}\n\n.tc-titlebar h2 {\n\tfont-size: 1em;\n\tdisplay: inline;\n}\n\n.tc-titlebar img {\n\theight: 1em;\n}\n\n.tc-subtitle {\n\tfont-size: 0.9em;\n\tcolor: <<colour tiddler-subtitle-foreground>>;\n\tfont-weight: 300;\n}\n\n.tc-subtitle .tc-tiddlylink {\n\tmargin-right: .3em;\n}\n\n.tc-tiddler-missing .tc-title {\n  font-style: italic;\n  font-weight: normal;\n}\n\n.tc-tiddler-frame .tc-tiddler-controls {\n\tfloat: right;\n}\n\n.tc-tiddler-controls .tc-drop-down {\n\tfont-size: 0.6em;\n}\n\n.tc-tiddler-controls .tc-drop-down .tc-drop-down {\n\tfont-size: 1em;\n}\n\n.tc-tiddler-controls > span > button,\n.tc-tiddler-controls > span > span > button,\n.tc-tiddler-controls > span > span > span > button {\n\tvertical-align: baseline;\n\tmargin-left:5px;\n}\n\n.tc-tiddler-controls button svg, .tc-tiddler-controls button img,\n.tc-search button svg, .tc-search a svg {\n\tfill: <<colour tiddler-controls-foreground>>;\n}\n\n.tc-tiddler-controls button svg, .tc-tiddler-controls button img {\n\theight: 0.75em;\n}\n\n.tc-search button svg, .tc-search a svg {\n    height: 1.2em;\n    width: 1.2em;\n    margin: 0 0.25em;\n}\n\n.tc-tiddler-controls button.tc-selected svg,\n.tc-page-controls button.tc-selected svg  {\n\tfill: <<colour tiddler-controls-foreground-selected>>;\n}\n\n.tc-tiddler-controls button.tc-btn-invisible:hover svg,\n.tc-search button:hover svg, .tc-search a:hover svg {\n\tfill: <<colour tiddler-controls-foreground-hover>>;\n}\n\n@media print {\n\t.tc-tiddler-controls {\n\t\tdisplay: none;\n\t}\n}\n\n.tc-tiddler-help { /* Help prompts within tiddler template */\n\tcolor: <<colour muted-foreground>>;\n\tmargin-top: 14px;\n}\n\n.tc-tiddler-help a.tc-tiddlylink {\n\tcolor: <<colour very-muted-foreground>>;\n}\n\n.tc-tiddler-frame .tc-edit-texteditor {\n\twidth: 100%;\n\tmargin: 4px 0 4px 0;\n}\n\n.tc-tiddler-frame input.tc-edit-texteditor,\n.tc-tiddler-frame textarea.tc-edit-texteditor,\n.tc-tiddler-frame iframe.tc-edit-texteditor {\n\tpadding: 3px 3px 3px 3px;\n\tborder: 1px solid <<colour tiddler-editor-border>>;\n\tbackground-color: <<colour tiddler-editor-background>>;\n\tline-height: 1.3em;\n\t-webkit-appearance: none;\n\tfont-family: {{$:/themes/tiddlywiki/vanilla/settings/editorfontfamily}};\n}\n\n.tc-tiddler-frame .tc-binary-warning {\n\twidth: 100%;\n\theight: 5em;\n\ttext-align: center;\n\tpadding: 3em 3em 6em 3em;\n\tbackground: <<colour alert-background>>;\n\tborder: 1px solid <<colour alert-border>>;\n}\n\ncanvas.tc-edit-bitmapeditor  {\n\tborder: 6px solid <<colour tiddler-editor-border-image>>;\n\tcursor: crosshair;\n\t-moz-user-select: none;\n\t-webkit-user-select: none;\n\t-ms-user-select: none;\n\tmargin-top: 6px;\n\tmargin-bottom: 6px;\n}\n\n.tc-edit-bitmapeditor-width {\n\tdisplay: block;\n}\n\n.tc-edit-bitmapeditor-height {\n\tdisplay: block;\n}\n\n.tc-tiddler-body {\n\tclear: both;\n}\n\n.tc-tiddler-frame .tc-tiddler-body {\n\tfont-size: {{$:/themes/tiddlywiki/vanilla/metrics/bodyfontsize}};\n\tline-height: {{$:/themes/tiddlywiki/vanilla/metrics/bodylineheight}};\n}\n\n.tc-titlebar, .tc-tiddler-edit-title {\n\toverflow: hidden; /* https://github.com/Jermolene/TiddlyWiki5/issues/282 */\n}\n\nhtml body.tc-body.tc-single-tiddler-window {\n\tmargin: 1em;\n\tbackground: <<colour tiddler-background>>;\n}\n\n.tc-single-tiddler-window img,\n.tc-single-tiddler-window svg,\n.tc-single-tiddler-window canvas,\n.tc-single-tiddler-window embed,\n.tc-single-tiddler-window iframe {\n\tmax-width: 100%;\n}\n\n/*\n** Editor\n*/\n\n.tc-editor-toolbar {\n\tmargin-top: 8px;\n}\n\n.tc-editor-toolbar button {\n\tvertical-align: middle;\n\tbackground-color: <<colour tiddler-controls-foreground>>;\n\tcolor: <<colour tiddler-controls-foreground-selected>>;\n\tfill: <<colour tiddler-controls-foreground-selected>>;\n\tborder-radius: 4px;\n\tpadding: 3px;\n\tmargin: 2px 0 2px 4px;\n}\n\n.tc-editor-toolbar button.tc-text-editor-toolbar-item-adjunct {\n\tmargin-left: 1px;\n\twidth: 1em;\n\tborder-radius: 8px;\n}\n\n.tc-editor-toolbar button.tc-text-editor-toolbar-item-start-group {\n\tmargin-left: 11px;\n}\n\n.tc-editor-toolbar button.tc-selected {\n\tbackground-color: <<colour primary>>;\n}\n\n.tc-editor-toolbar button svg {\n\twidth: 1.6em;\n\theight: 1.2em;\n}\n\n.tc-editor-toolbar button:hover {\n\tbackground-color: <<colour tiddler-controls-foreground-selected>>;\n\tfill: <<colour background>>;\n\tcolor: <<colour background>>;\n}\n\n.tc-editor-toolbar .tc-text-editor-toolbar-more {\n\twhite-space: normal;\n}\n\n.tc-editor-toolbar .tc-text-editor-toolbar-more button {\n\tdisplay: inline-block;\n\tpadding: 3px;\n\twidth: auto;\n}\n\n.tc-editor-toolbar .tc-search-results {\n\tpadding: 0;\n}\n\n/*\n** Adjustments for fluid-fixed mode\n*/\n\n@media (min-width: {{$:/themes/tiddlywiki/vanilla/metrics/sidebarbreakpoint}}) {\n\n<<if-fluid-fixed text:\"\"\"\n\n\t.tc-story-river {\n\t\tpadding-right: 0;\n\t\tposition: relative;\n\t\twidth: auto;\n\t\tleft: 0;\n\t\tmargin-left: {{$:/themes/tiddlywiki/vanilla/metrics/storyleft}};\n\t\tmargin-right: {{$:/themes/tiddlywiki/vanilla/metrics/sidebarwidth}};\n\t}\n\n\t.tc-tiddler-frame {\n\t\twidth: 100%;\n\t}\n\n\t.tc-sidebar-scrollable {\n\t\tleft: auto;\n\t\tbottom: 0;\n\t\tright: 0;\n\t\twidth: {{$:/themes/tiddlywiki/vanilla/metrics/sidebarwidth}};\n\t}\n\n\tbody.tc-body .tc-storyview-zoomin-tiddler {\n\t\twidth: 100%;\n\t\twidth: calc(100% - 42px);\n\t}\n\n\"\"\" hiddenSidebarText:\"\"\"\n\n\t.tc-story-river {\n\t\tpadding-right: 3em;\n\t\tmargin-right: 0;\n\t}\n\n\tbody.tc-body .tc-storyview-zoomin-tiddler {\n\t\twidth: 100%;\n\t\twidth: calc(100% - 84px);\n\t}\n\n\"\"\">>\n\n}\n\n/*\n** Toolbar buttons\n*/\n\n.tc-page-controls svg.tc-image-new-button {\n  fill: <<colour toolbar-new-button>>;\n}\n\n.tc-page-controls svg.tc-image-options-button {\n  fill: <<colour toolbar-options-button>>;\n}\n\n.tc-page-controls svg.tc-image-save-button {\n  fill: <<colour toolbar-save-button>>;\n}\n\n.tc-tiddler-controls button svg.tc-image-info-button {\n  fill: <<colour toolbar-info-button>>;\n}\n\n.tc-tiddler-controls button svg.tc-image-edit-button {\n  fill: <<colour toolbar-edit-button>>;\n}\n\n.tc-tiddler-controls button svg.tc-image-close-button {\n  fill: <<colour toolbar-close-button>>;\n}\n\n.tc-tiddler-controls button svg.tc-image-delete-button {\n  fill: <<colour toolbar-delete-button>>;\n}\n\n.tc-tiddler-controls button svg.tc-image-cancel-button {\n  fill: <<colour toolbar-cancel-button>>;\n}\n\n.tc-tiddler-controls button svg.tc-image-done-button {\n  fill: <<colour toolbar-done-button>>;\n}\n\n/*\n** Tiddler edit mode\n*/\n\n.tc-tiddler-edit-frame em.tc-edit {\n\tcolor: <<colour muted-foreground>>;\n\tfont-style: normal;\n}\n\n.tc-edit-type-dropdown a.tc-tiddlylink-missing {\n\tfont-style: normal;\n}\n\n.tc-type-selector .tc-edit-typeeditor {\n\twidth: 20%;\n}\n\n.tc-edit-tags {\n\tborder: 1px solid <<colour tiddler-editor-border>>;\n\tpadding: 4px 8px 4px 8px;\n}\n\n.tc-edit-add-tag {\n\tdisplay: inline-block;\n}\n\n.tc-edit-add-tag .tc-add-tag-name input {\n\twidth: 50%;\n}\n\n.tc-edit-add-tag .tc-keyboard {\n\tdisplay:inline;\n}\n\n.tc-edit-tags .tc-tag-label {\n\tdisplay: inline-block;\n}\n\n.tc-edit-tags-list {\n\tmargin: 14px 0 14px 0;\n}\n\n.tc-remove-tag-button {\n\tpadding-left: 4px;\n}\n\n.tc-tiddler-preview {\n\toverflow: auto;\n}\n\n.tc-tiddler-preview-preview {\n\tfloat: right;\n\twidth: 49%;\n\tborder: 1px solid <<colour tiddler-editor-border>>;\n\tmargin: 4px 0 3px 3px;\n\tpadding: 3px 3px 3px 3px;\n}\n\n<<if-editor-height-fixed then:\"\"\"\n\n.tc-tiddler-preview-preview {\n\toverflow-y: scroll;\n\theight: {{$:/config/TextEditor/EditorHeight/Height}};\n}\n\n\"\"\">>\n\n.tc-tiddler-frame .tc-tiddler-preview .tc-edit-texteditor {\n\twidth: 49%;\n}\n\n.tc-tiddler-frame .tc-tiddler-preview canvas.tc-edit-bitmapeditor {\n\tmax-width: 49%;\n}\n\n.tc-edit-fields {\n\twidth: 100%;\n}\n\n\n.tc-edit-fields table, .tc-edit-fields tr, .tc-edit-fields td {\n\tborder: none;\n\tpadding: 4px;\n}\n\n.tc-edit-fields > tbody > .tc-edit-field:nth-child(odd) {\n\tbackground-color: <<colour tiddler-editor-fields-odd>>;\n}\n\n.tc-edit-fields > tbody > .tc-edit-field:nth-child(even) {\n\tbackground-color: <<colour tiddler-editor-fields-even>>;\n}\n\n.tc-edit-field-name {\n\ttext-align: right;\n}\n\n.tc-edit-field-value input {\n\twidth: 100%;\n}\n\n.tc-edit-field-remove {\n}\n\n.tc-edit-field-remove svg {\n\theight: 1em;\n\twidth: 1em;\n\tfill: <<colour muted-foreground>>;\n\tvertical-align: middle;\n}\n\n.tc-edit-field-add-name {\n\tdisplay: inline-block;\n\twidth: 15%;\n}\n\n.tc-edit-field-add-value {\n\tdisplay: inline-block;\n\twidth: 40%;\n}\n\n.tc-edit-field-add-button {\n\tdisplay: inline-block;\n\twidth: 10%;\n}\n\n/*\n** Storyview Classes\n*/\n\n.tc-viewswitcher .tc-image-button {\n\tmargin-right: .3em;\n}\n\n.tc-storyview-zoomin-tiddler {\n\tposition: absolute;\n\tdisplay: block;\n\twidth: 100%;\n}\n\n@media (min-width: {{$:/themes/tiddlywiki/vanilla/metrics/sidebarbreakpoint}}) {\n\n\t.tc-storyview-zoomin-tiddler {\n\t\twidth: calc(100% - 84px);\n\t}\n\n}\n\n/*\n** Dropdowns\n*/\n\n.tc-btn-dropdown {\n\ttext-align: left;\n}\n\n.tc-btn-dropdown svg, .tc-btn-dropdown img {\n\theight: 1em;\n\twidth: 1em;\n\tfill: <<colour muted-foreground>>;\n}\n\n.tc-drop-down-wrapper {\n\tposition: relative;\n}\n\n.tc-drop-down {\n\tmin-width: 380px;\n\tborder: 1px solid <<colour dropdown-border>>;\n\tbackground-color: <<colour dropdown-background>>;\n\tpadding: 7px 0 7px 0;\n\tmargin: 4px 0 0 0;\n\twhite-space: nowrap;\n\ttext-shadow: none;\n\tline-height: 1.4;\n}\n\n.tc-drop-down .tc-drop-down {\n\tmargin-left: 14px;\n}\n\n.tc-drop-down button svg, .tc-drop-down a svg  {\n\tfill: <<colour foreground>>;\n}\n\n.tc-drop-down button.tc-btn-invisible:hover svg {\n\tfill: <<colour foreground>>;\n}\n\n.tc-drop-down .tc-drop-down-info {\n\tpadding-left: 14px;\n}\n\n.tc-drop-down p {\n\tpadding: 0 14px 0 14px;\n}\n\n.tc-drop-down svg {\n\twidth: 1em;\n\theight: 1em;\n}\n\n.tc-drop-down img {\n\twidth: 1em;\n}\n\n.tc-drop-down a, .tc-drop-down button {\n\tdisplay: block;\n\tpadding: 0 14px 0 14px;\n\twidth: 100%;\n\ttext-align: left;\n\tcolor: <<colour foreground>>;\n\tline-height: 1.4;\n}\n\n.tc-drop-down .tc-tab-set .tc-tab-buttons button {\n\tdisplay: inline-block;\n    width: auto;\n    margin-bottom: 0px;\n    border-bottom-left-radius: 0;\n    border-bottom-right-radius: 0;\n}\n\n.tc-drop-down .tc-prompt {\n\tpadding: 0 14px;\n}\n\n.tc-drop-down .tc-chooser {\n\tborder: none;\n}\n\n.tc-drop-down .tc-chooser .tc-swatches-horiz {\n\tfont-size: 0.4em;\n\tpadding-left: 1.2em;\n}\n\n.tc-drop-down .tc-file-input-wrapper {\n\twidth: 100%;\n}\n\n.tc-drop-down .tc-file-input-wrapper button {\n\tcolor: <<colour foreground>>;\n}\n\n.tc-drop-down a:hover, .tc-drop-down button:hover, .tc-drop-down .tc-file-input-wrapper:hover button {\n\tcolor: <<colour tiddler-link-background>>;\n\tbackground-color: <<colour tiddler-link-foreground>>;\n\ttext-decoration: none;\n}\n\n.tc-drop-down .tc-tab-buttons button {\n\tbackground-color: <<colour dropdown-tab-background>>;\n}\n\n.tc-drop-down .tc-tab-buttons button.tc-tab-selected {\n\tbackground-color: <<colour dropdown-tab-background-selected>>;\n\tborder-bottom: 1px solid <<colour dropdown-tab-background-selected>>;\n}\n\n.tc-drop-down-bullet {\n\tdisplay: inline-block;\n\twidth: 0.5em;\n}\n\n.tc-drop-down .tc-tab-contents a {\n\tpadding: 0 0.5em 0 0.5em;\n}\n\n.tc-block-dropdown-wrapper {\n\tposition: relative;\n}\n\n.tc-block-dropdown {\n\tposition: absolute;\n\tmin-width: 220px;\n\tborder: 1px solid <<colour dropdown-border>>;\n\tbackground-color: <<colour dropdown-background>>;\n\tpadding: 7px 0;\n\tmargin: 4px 0 0 0;\n\twhite-space: nowrap;\n\tz-index: 1000;\n\ttext-shadow: none;\n}\n\n.tc-block-dropdown.tc-search-drop-down {\n\tmargin-left: -12px;\n}\n\n.tc-block-dropdown a {\n\tdisplay: block;\n\tpadding: 4px 14px 4px 14px;\n}\n\n.tc-block-dropdown.tc-search-drop-down a {\n\tdisplay: block;\n\tpadding: 0px 10px 0px 10px;\n}\n\n.tc-drop-down .tc-dropdown-item-plain,\n.tc-block-dropdown .tc-dropdown-item-plain {\n\tpadding: 4px 14px 4px 7px;\n}\n\n.tc-drop-down .tc-dropdown-item,\n.tc-block-dropdown .tc-dropdown-item {\n\tpadding: 4px 14px 4px 7px;\n\tcolor: <<colour muted-foreground>>;\n}\n\n.tc-block-dropdown a.tc-tiddlylink:hover {\n\tcolor: <<colour tiddler-link-background>>;\n\tbackground-color: <<colour tiddler-link-foreground>>;\n\ttext-decoration: none;\n}\n\n.tc-search-results {\n\tpadding: 0 7px 0 7px;\n}\n\n.tc-image-chooser, .tc-colour-chooser {\n\twhite-space: normal;\n}\n\n.tc-image-chooser a,\n.tc-colour-chooser a {\n\tdisplay: inline-block;\n\tvertical-align: top;\n\ttext-align: center;\n\tposition: relative;\n}\n\n.tc-image-chooser a {\n\tborder: 1px solid <<colour muted-foreground>>;\n\tpadding: 2px;\n\tmargin: 2px;\n\twidth: 4em;\n\theight: 4em;\n}\n\n.tc-colour-chooser a {\n\tpadding: 3px;\n\twidth: 2em;\n\theight: 2em;\n\tvertical-align: middle;\n}\n\n.tc-image-chooser a:hover,\n.tc-colour-chooser a:hover {\n\tbackground: <<colour primary>>;\n\tpadding: 0px;\n\tborder: 3px solid <<colour primary>>;\n}\n\n.tc-image-chooser a svg,\n.tc-image-chooser a img {\n\tdisplay: inline-block;\n\twidth: auto;\n\theight: auto;\n\tmax-width: 3.5em;\n\tmax-height: 3.5em;\n\tposition: absolute;\n\ttop: 0;\n\tbottom: 0;\n\tleft: 0;\n\tright: 0;\n\tmargin: auto;\n}\n\n/*\n** Modals\n*/\n\n.tc-modal-wrapper {\n\tposition: fixed;\n\toverflow: auto;\n\toverflow-y: scroll;\n\ttop: 0;\n\tright: 0;\n\tbottom: 0;\n\tleft: 0;\n\tz-index: 900;\n}\n\n.tc-modal-backdrop {\n\tposition: fixed;\n\ttop: 0;\n\tright: 0;\n\tbottom: 0;\n\tleft: 0;\n\tz-index: 1000;\n\tbackground-color: <<colour modal-backdrop>>;\n}\n\n.tc-modal {\n\tz-index: 1100;\n\tbackground-color: <<colour modal-background>>;\n\tborder: 1px solid <<colour modal-border>>;\n}\n\n@media (max-width: 55em) {\n\t.tc-modal {\n\t\tposition: fixed;\n\t\ttop: 1em;\n\t\tleft: 1em;\n\t\tright: 1em;\n\t}\n\n\t.tc-modal-body {\n\t\toverflow-y: auto;\n\t\tmax-height: 400px;\n\t\tmax-height: 60vh;\n\t}\n}\n\n@media (min-width: 55em) {\n\t.tc-modal {\n\t\tposition: fixed;\n\t\ttop: 2em;\n\t\tleft: 25%;\n\t\twidth: 50%;\n\t}\n\n\t.tc-modal-body {\n\t\toverflow-y: auto;\n\t\tmax-height: 400px;\n\t\tmax-height: 60vh;\n\t}\n}\n\n.tc-modal-header {\n\tpadding: 9px 15px;\n\tborder-bottom: 1px solid <<colour modal-header-border>>;\n}\n\n.tc-modal-header h3 {\n\tmargin: 0;\n\tline-height: 30px;\n}\n\n.tc-modal-header img, .tc-modal-header svg {\n\twidth: 1em;\n\theight: 1em;\n}\n\n.tc-modal-body {\n\tpadding: 15px;\n}\n\n.tc-modal-footer {\n\tpadding: 14px 15px 15px;\n\tmargin-bottom: 0;\n\ttext-align: right;\n\tbackground-color: <<colour modal-footer-background>>;\n\tborder-top: 1px solid <<colour modal-footer-border>>;\n}\n\n/*\n** Notifications\n*/\n\n.tc-notification {\n\tposition: fixed;\n\ttop: 14px;\n\tright: 42px;\n\tz-index: 1300;\n\tmax-width: 280px;\n\tpadding: 0 14px 0 14px;\n\tbackground-color: <<colour notification-background>>;\n\tborder: 1px solid <<colour notification-border>>;\n}\n\n/*\n** Tabs\n*/\n\n.tc-tab-set.tc-vertical {\n\tdisplay: -webkit-flex;\n\tdisplay: flex;\n}\n\n.tc-tab-buttons {\n\tfont-size: 0.85em;\n\tpadding-top: 1em;\n\tmargin-bottom: -2px;\n}\n\n.tc-tab-buttons.tc-vertical  {\n\tz-index: 100;\n\tdisplay: block;\n\tpadding-top: 14px;\n\tvertical-align: top;\n\ttext-align: right;\n\tmargin-bottom: inherit;\n\tmargin-right: -1px;\n\tmax-width: 33%;\n\t-webkit-flex: 0 0 auto;\n\tflex: 0 0 auto;\n}\n\n.tc-tab-buttons button.tc-tab-selected {\n\tcolor: <<colour tab-foreground-selected>>;\n\tbackground-color: <<colour tab-background-selected>>;\n\tborder-left: 1px solid <<colour tab-border-selected>>;\n\tborder-top: 1px solid <<colour tab-border-selected>>;\n\tborder-right: 1px solid <<colour tab-border-selected>>;\n}\n\n.tc-tab-buttons button {\n\tcolor: <<colour tab-foreground>>;\n\tpadding: 3px 5px 3px 5px;\n\tmargin-right: 0.3em;\n\tfont-weight: 300;\n\tborder: none;\n\tbackground: inherit;\n\tbackground-color: <<colour tab-background>>;\n\tborder-left: 1px solid <<colour tab-border>>;\n\tborder-top: 1px solid <<colour tab-border>>;\n\tborder-right: 1px solid <<colour tab-border>>;\n\tborder-top-left-radius: 2px;\n\tborder-top-right-radius: 2px;\n\tborder-bottom-left-radius: 0;\n\tborder-bottom-right-radius: 0;\n}\n\n.tc-tab-buttons.tc-vertical button {\n\tdisplay: block;\n\twidth: 100%;\n\tmargin-top: 3px;\n\tmargin-right: 0;\n\ttext-align: right;\n\tbackground-color: <<colour tab-background>>;\n\tborder-left: 1px solid <<colour tab-border>>;\n\tborder-bottom: 1px solid <<colour tab-border>>;\n\tborder-right: none;\n\tborder-top-left-radius: 2px;\n\tborder-bottom-left-radius: 2px;\n\tborder-top-right-radius: 0;\n\tborder-bottom-right-radius: 0;\n}\n\n.tc-tab-buttons.tc-vertical button.tc-tab-selected {\n\tbackground-color: <<colour tab-background-selected>>;\n\tborder-right: 1px solid <<colour tab-background-selected>>;\n}\n\n.tc-tab-divider {\n\tborder-top: 1px solid <<colour tab-divider>>;\n}\n\n.tc-tab-divider.tc-vertical  {\n\tdisplay: none;\n}\n\n.tc-tab-content {\n\tmargin-top: 14px;\n}\n\n.tc-tab-content.tc-vertical  {\n\tdisplay: inline-block;\n\tvertical-align: top;\n\tpadding-top: 0;\n\tpadding-left: 14px;\n\tborder-left: 1px solid <<colour tab-border>>;\n\t-webkit-flex: 1 0 70%;\n\tflex: 1 0 70%;\n\toverflow: auto;\n}\n\n.tc-sidebar-lists .tc-tab-buttons {\n\tmargin-bottom: -1px;\n}\n\n.tc-sidebar-lists .tc-tab-buttons button.tc-tab-selected {\n\tbackground-color: <<colour sidebar-tab-background-selected>>;\n\tcolor: <<colour sidebar-tab-foreground-selected>>;\n\tborder-left: 1px solid <<colour sidebar-tab-border-selected>>;\n\tborder-top: 1px solid <<colour sidebar-tab-border-selected>>;\n\tborder-right: 1px solid <<colour sidebar-tab-border-selected>>;\n}\n\n.tc-sidebar-lists .tc-tab-buttons button {\n\tbackground-color: <<colour sidebar-tab-background>>;\n\tcolor: <<colour sidebar-tab-foreground>>;\n\tborder-left: 1px solid <<colour sidebar-tab-border>>;\n\tborder-top: 1px solid <<colour sidebar-tab-border>>;\n\tborder-right: 1px solid <<colour sidebar-tab-border>>;\n}\n\n.tc-sidebar-lists .tc-tab-divider {\n\tborder-top: 1px solid <<colour sidebar-tab-divider>>;\n}\n\n.tc-more-sidebar > .tc-tab-set > .tc-tab-buttons > button {\n\tdisplay: block;\n\twidth: 100%;\n\tbackground-color: <<colour sidebar-tab-background>>;\n\tborder-top: none;\n\tborder-left: none;\n\tborder-bottom: none;\n\tborder-right: 1px solid #ccc;\n\tmargin-bottom: inherit;\n}\n\n.tc-more-sidebar > .tc-tab-set > .tc-tab-buttons > button.tc-tab-selected {\n\tbackground-color: <<colour sidebar-tab-background-selected>>;\n\tborder: none;\n}\n\n/*\n** Manager\n*/\n\n.tc-manager-wrapper {\n\t\n}\n\n.tc-manager-controls {\n\t\n}\n\n.tc-manager-control {\n\tmargin: 0.5em 0;\n}\n\n.tc-manager-list {\n\twidth: 100%;\n\tborder-top: 1px solid <<colour muted-foreground>>;\n\tborder-left: 1px solid <<colour muted-foreground>>;\n\tborder-right: 1px solid <<colour muted-foreground>>;\n}\n\n.tc-manager-list-item {\n\n}\n\n.tc-manager-list-item-heading {\n    display: block;\n    width: 100%;\n    text-align: left;\t\n\tborder-bottom: 1px solid <<colour muted-foreground>>;\n\tpadding: 3px;\n}\n\n.tc-manager-list-item-heading-selected {\n\tfont-weight: bold;\n\tcolor: <<colour background>>;\n\tfill: <<colour background>>;\n\tbackground-color: <<colour foreground>>;\n}\n\n.tc-manager-list-item-heading:hover {\n\tbackground: <<colour primary>>;\n\tcolor: <<colour background>>;\n}\n\n.tc-manager-list-item-content {\n\tdisplay: flex;\n}\n\n.tc-manager-list-item-content-sidebar {\n    flex: 1 0;\n    background: <<colour tiddler-editor-background>>;\n    border-right: 0.5em solid <<colour muted-foreground>>;\n    border-bottom: 0.5em solid <<colour muted-foreground>>;\n    white-space: nowrap;\n}\n\n.tc-manager-list-item-content-item-heading {\n\tdisplay: block;\n\twidth: 100%;\n\ttext-align: left;\n    background: <<colour muted-foreground>>;\n\ttext-transform: uppercase;\n\tfont-size: 0.6em;\n\tfont-weight: bold;\n    padding: 0.5em 0 0.5em 0;\n}\n\n.tc-manager-list-item-content-item-body {\n\tpadding: 0 0.5em 0 0.5em;\n}\n\n.tc-manager-list-item-content-item-body > pre {\n\tmargin: 0.5em 0 0.5em 0;\n\tborder: none;\n\tbackground: inherit;\n}\n\n.tc-manager-list-item-content-tiddler {\n    flex: 3 1;\n    border-left: 0.5em solid <<colour muted-foreground>>;\n    border-right: 0.5em solid <<colour muted-foreground>>;\n    border-bottom: 0.5em solid <<colour muted-foreground>>;\n}\n\n.tc-manager-list-item-content-item-body > table {\n\tborder: none;\n\tpadding: 0;\n\tmargin: 0;\n}\n\n.tc-manager-list-item-content-item-body > table td {\n\tborder: none;\n}\n\n.tc-manager-icon-editor > button {\n\twidth: 100%;\n}\n\n.tc-manager-icon-editor > button > svg,\n.tc-manager-icon-editor > button > button {\n\twidth: 100%;\n\theight: auto;\n}\n\n/*\n** Alerts\n*/\n\n.tc-alerts {\n\tposition: fixed;\n\ttop: 28px;\n\tleft: 0;\n\tright: 0;\n\tmax-width: 50%;\n\tz-index: 20000;\n}\n\n.tc-alert {\n\tposition: relative;\n\tmargin: 14px;\n\tpadding: 7px;\n\tborder: 1px solid <<colour alert-border>>;\n\tbackground-color: <<colour alert-background>>;\n}\n\n.tc-alert-toolbar {\n\tposition: absolute;\n\ttop: 7px;\n\tright: 7px;\n    line-height: 0;\n}\n\n.tc-alert-toolbar svg {\n\tfill: <<colour alert-muted-foreground>>;\n}\n\n.tc-alert-subtitle {\n\tcolor: <<colour alert-muted-foreground>>;\n\tfont-weight: bold;\n    font-size: 0.8em;\n    margin-bottom: 0.5em;\n}\n\n.tc-alert-body > p {\n\tmargin: 0;\n}\n\n.tc-alert-highlight {\n\tcolor: <<colour alert-highlight>>;\n}\n\n@media (min-width: {{$:/themes/tiddlywiki/vanilla/metrics/sidebarbreakpoint}}) {\n\n\t.tc-static-alert {\n\t\tposition: relative;\n\t}\n\n\t.tc-static-alert-inner {\n\t\tposition: absolute;\n\t\tz-index: 100;\n\t}\n\n}\n\n.tc-static-alert-inner {\n\tpadding: 0 2px 2px 42px;\n\tcolor: <<colour static-alert-foreground>>;\n}\n\n/*\n** Floating drafts list\n*/\n\n.tc-drafts-list {\n\tz-index: 2000;\n\tposition: fixed;\n\tfont-size: 0.8em;\n\tleft: 0;\n\tbottom: 0;\n}\n\n.tc-drafts-list a {\n\tmargin: 0 0.5em;\n\tpadding: 4px 4px;\n\tborder-top-left-radius: 4px;\n\tborder-top-right-radius: 4px;\n\tborder: 1px solid <<colour background>>;\n\tborder-bottom-none;\n\tbackground: <<colour dirty-indicator>>;\n\tcolor: <<colour background>>;\n\tfill: <<colour background>>;\n}\n\n.tc-drafts-list a:hover {\n\ttext-decoration: none;\n\tbackground: <<colour foreground>>;\n\tcolor: <<colour background>>;\n\tfill: <<colour background>>;\n}\n\n.tc-drafts-list a svg {\n\twidth: 1em;\n\theight: 1em;\n\tvertical-align: text-bottom;\n}\n\n/*\n** Control panel\n*/\n\n.tc-control-panel td {\n\tpadding: 4px;\n}\n\n.tc-control-panel table, .tc-control-panel table input, .tc-control-panel table textarea {\n\twidth: 100%;\n}\n\n.tc-plugin-info {\n\tdisplay: flex;\n\tborder: 1px solid <<colour muted-foreground>>;\n\tfill: <<colour muted-foreground>>;\n\tbackground-color: <<colour background>>;\n\tmargin: 0.5em 0 0.5em 0;\n\tpadding: 4px;\n    align-items: center;\n}\n\n.tc-plugin-info-sub-plugins .tc-plugin-info {\n    margin: 0.5em;\n\tbackground: <<colour background>>;\n}\n\n.tc-plugin-info-sub-plugin-indicator {\n\tmargin: -16px 1em 0 2em;\n}\n\n.tc-plugin-info-sub-plugin-indicator button {\n\tcolor: <<colour background>>;\n\tbackground: <<colour foreground>>;\n\tborder-radius: 8px;\n    padding: 2px 7px;\n    font-size: 0.75em;\n}\n\n.tc-plugin-info-sub-plugins .tc-plugin-info-dropdown {\n\tmargin-left: 1em;\n\tmargin-right: 1em;\n}\n\n.tc-plugin-info-disabled {\n\tbackground: -webkit-repeating-linear-gradient(45deg, #ff0, #ff0 10px, #eee 10px, #eee 20px);\n\tbackground: repeating-linear-gradient(45deg, #ff0, #ff0 10px, #eee 10px, #eee 20px);\n}\n\n.tc-plugin-info-disabled:hover {\n\tbackground: -webkit-repeating-linear-gradient(45deg, #aa0, #aa0 10px, #888 10px, #888 20px);\n\tbackground: repeating-linear-gradient(45deg, #aa0, #aa0 10px, #888 10px, #888 20px);\n}\n\na.tc-tiddlylink.tc-plugin-info:hover {\n\ttext-decoration: none;\n\tbackground-color: <<colour primary>>;\n\tcolor: <<colour background>>;\n\tfill: <<colour foreground>>;\n}\n\na.tc-tiddlylink.tc-plugin-info:hover .tc-plugin-info > .tc-plugin-info-chunk > svg {\n\tfill: <<colour foreground>>;\n}\n\n.tc-plugin-info-chunk {\n    margin: 2px;\n}\n\n.tc-plugin-info-chunk.tc-plugin-info-toggle {\n\tflex-grow: 0;\n\tflex-shrink: 0;\n\tline-height: 1;\n}\n\n.tc-plugin-info-chunk.tc-plugin-info-icon {\n\tflex-grow: 0;\n\tflex-shrink: 0;\n\tline-height: 1;\n}\n\n.tc-plugin-info-chunk.tc-plugin-info-description {\n\tflex-grow: 1;\n}\n\n.tc-plugin-info-chunk.tc-plugin-info-buttons {\n\tfont-size: 0.8em;\n\tline-height: 1.2;\n\tflex-grow: 0;\n\tflex-shrink: 0;\n    text-align: right;\n}\n\n.tc-plugin-info-chunk.tc-plugin-info-description h1 {\n\tfont-size: 1em;\n\tline-height: 1.2;\n\tmargin: 2px 0 2px 0;\n}\n\n.tc-plugin-info-chunk.tc-plugin-info-description h2 {\n\tfont-size: 0.8em;\n\tline-height: 1.2;\n\tmargin: 2px 0 2px 0;\n}\n\n.tc-plugin-info-chunk.tc-plugin-info-description div {\n\tfont-size: 0.7em;\n\tline-height: 1.2;\n\tmargin: 2px 0 2px 0;\n}\n\n.tc-plugin-info-chunk.tc-plugin-info-toggle img, .tc-plugin-info-chunk.tc-plugin-info-toggle svg {\n\twidth: 1em;\n\theight: 1em;\n}\n\n.tc-plugin-info-chunk.tc-plugin-info-icon img, .tc-plugin-info-chunk.tc-plugin-info-icon svg {\n\twidth: 2em;\n\theight: 2em;\n}\n\n.tc-plugin-info-dropdown {\n\tborder: 1px solid <<colour muted-foreground>>;\n\tbackground: <<colour background>>;\n\tmargin-top: -8px;\n}\n\n.tc-plugin-info-dropdown-message {\n\tbackground: <<colour message-background>>;\n\tpadding: 0.5em 1em 0.5em 1em;\n\tfont-weight: bold;\n\tfont-size: 0.8em;\n}\n\n.tc-plugin-info-dropdown-body {\n\tpadding: 1em 1em 0 1em;\n\tbackground: <<colour background>>;\n}\n\n.tc-plugin-info-sub-plugins {\n\tpadding: 0.5em;\n    margin: 0 1em 1em 1em;\n\tbackground: <<colour notification-background>>;\n}\n\n.tc-install-plugin {\n\tfont-weight: bold;\n\tbackground: green;\n\tcolor: white;\n\tfill: white;\n\tborder-radius: 4px;\n\tpadding: 3px;\n}\n\n.tc-install-plugin.tc-reinstall-downgrade {\n\tbackground: red;\n}\n\n.tc-install-plugin.tc-reinstall {\n\tbackground: blue;\n}\n\n.tc-install-plugin.tc-reinstall-upgrade {\n\tbackground: orange;\n}\n\n.tc-check-list {\n\tline-height: 2em;\n}\n\n.tc-check-list .tc-image-button {\n\theight: 1.5em;\n}\n\n/*\n** Message boxes\n*/\n\n.tc-message-box {\n\tborder: 1px solid <<colour message-border>>;\n\tbackground: <<colour message-background>>;\n\tpadding: 0px 21px 0px 21px;\n\tfont-size: 12px;\n\tline-height: 18px;\n\tcolor: <<colour message-foreground>>;\n}\n\n.tc-message-box svg {\n\twidth: 1em;\n\theight: 1em;\n    vertical-align: text-bottom;\n}\n\n/*\n** Pictures\n*/\n\n.tc-bordered-image {\n\tborder: 1px solid <<colour muted-foreground>>;\n\tpadding: 5px;\n\tmargin: 5px;\n}\n\n/*\n** Floats\n*/\n\n.tc-float-right {\n\tfloat: right;\n}\n\n/*\n** Chooser\n*/\n\n.tc-chooser {\n\tborder-right: 1px solid <<colour table-header-background>>;\n\tborder-left: 1px solid <<colour table-header-background>>;\n}\n\n\n.tc-chooser-item {\n\tborder-bottom: 1px solid <<colour table-header-background>>;\n\tborder-top: 1px solid <<colour table-header-background>>;\n\tpadding: 2px 4px 2px 14px;\n}\n\n.tc-drop-down .tc-chooser-item {\n\tpadding: 2px;\n}\n\n.tc-chosen,\n.tc-chooser-item:hover {\n\tbackground-color: <<colour table-header-background>>;\n\tborder-color: <<colour table-footer-background>>;\n}\n\n.tc-chosen .tc-tiddlylink {\n\tcursor:default;\n}\n\n.tc-chooser-item .tc-tiddlylink {\n\tdisplay: block;\n\ttext-decoration: none;\n\tbackground-color: transparent;\n}\n\n.tc-chooser-item:hover .tc-tiddlylink:hover {\n\ttext-decoration: none;\n}\n\n.tc-drop-down .tc-chosen .tc-tiddlylink,\n.tc-drop-down .tc-chooser-item .tc-tiddlylink:hover {\n\tcolor: <<colour foreground>>;\n}\n\n.tc-chosen > .tc-tiddlylink:before {\n\tmargin-left: -10px;\n\tposition: relative;\n\tcontent: \"» \";\n}\n\n.tc-chooser-item svg,\n.tc-chooser-item img{\n\twidth: 1em;\n\theight: 1em;\n\tvertical-align: middle;\n}\n\n.tc-language-chooser .tc-image-button img {\n\twidth: 2em;\n\tvertical-align: -0.15em;\n}\n\n/*\n** Palette swatches\n*/\n\n.tc-swatches-horiz {\n}\n\n.tc-swatches-horiz .tc-swatch {\n\tdisplay: inline-block;\n}\n\n.tc-swatch {\n\twidth: 2em;\n\theight: 2em;\n\tmargin: 0.4em;\n\tborder: 1px solid #888;\n}\n\ninput.tc-palette-manager-colour-input {\n\twidth: 100%;\n\tpadding: 0;\n}\n\n/*\n** Table of contents\n*/\n\n.tc-sidebar-lists .tc-table-of-contents {\n\twhite-space: nowrap;\n}\n\n.tc-table-of-contents button {\n\tcolor: <<colour sidebar-foreground>>;\n}\n\n.tc-table-of-contents svg {\n\twidth: 0.7em;\n\theight: 0.7em;\n\tvertical-align: middle;\n\tfill: <<colour sidebar-foreground>>;\n}\n\n.tc-table-of-contents ol {\n\tlist-style-type: none;\n\tpadding-left: 0;\n}\n\n.tc-table-of-contents ol ol {\n\tpadding-left: 1em;\n}\n\n.tc-table-of-contents li {\n\tfont-size: 1.0em;\n\tfont-weight: bold;\n}\n\n.tc-table-of-contents li a {\n\tfont-weight: bold;\n}\n\n.tc-table-of-contents li li {\n\tfont-size: 0.95em;\n\tfont-weight: normal;\n\tline-height: 1.4;\n}\n\n.tc-table-of-contents li li a {\n\tfont-weight: normal;\n}\n\n.tc-table-of-contents li li li {\n\tfont-size: 0.95em;\n\tfont-weight: 200;\n\tline-height: 1.5;\n}\n\n.tc-table-of-contents li li li li {\n\tfont-size: 0.95em;\n\tfont-weight: 200;\n}\n\n.tc-tabbed-table-of-contents {\n\tdisplay: -webkit-flex;\n\tdisplay: flex;\n}\n\n.tc-tabbed-table-of-contents .tc-table-of-contents {\n\tz-index: 100;\n\tdisplay: inline-block;\n\tpadding-left: 1em;\n\tmax-width: 50%;\n\t-webkit-flex: 0 0 auto;\n\tflex: 0 0 auto;\n\tbackground: <<colour tab-background>>;\n\tborder-left: 1px solid <<colour tab-border>>;\n\tborder-top: 1px solid <<colour tab-border>>;\n\tborder-bottom: 1px solid <<colour tab-border>>;\n}\n\n.tc-tabbed-table-of-contents .tc-table-of-contents .toc-item > a,\n.tc-tabbed-table-of-contents .tc-table-of-contents .toc-item-selected > a {\n\tdisplay: block;\n\tpadding: 0.12em 1em 0.12em 0.25em;\n}\n\n.tc-tabbed-table-of-contents .tc-table-of-contents .toc-item > a {\n\tborder-top: 1px solid <<colour tab-background>>;\n\tborder-left: 1px solid <<colour tab-background>>;\n\tborder-bottom: 1px solid <<colour tab-background>>;\n}\n\n.tc-tabbed-table-of-contents .tc-table-of-contents .toc-item > a:hover {\n\ttext-decoration: none;\n\tborder-top: 1px solid <<colour tab-border>>;\n\tborder-left: 1px solid <<colour tab-border>>;\n\tborder-bottom: 1px solid <<colour tab-border>>;\n\tbackground: <<colour tab-border>>;\n}\n\n.tc-tabbed-table-of-contents .tc-table-of-contents .toc-item-selected > a {\n\tborder-top: 1px solid <<colour tab-border>>;\n\tborder-left: 1px solid <<colour tab-border>>;\n\tborder-bottom: 1px solid <<colour tab-border>>;\n\tbackground: <<colour background>>;\n\tmargin-right: -1px;\n}\n\n.tc-tabbed-table-of-contents .tc-table-of-contents .toc-item-selected > a:hover {\n\ttext-decoration: none;\n}\n\n.tc-tabbed-table-of-contents .tc-tabbed-table-of-contents-content {\n\tdisplay: inline-block;\n\tvertical-align: top;\n\tpadding-left: 1.5em;\n\tpadding-right: 1.5em;\n\tborder: 1px solid <<colour tab-border>>;\n\t-webkit-flex: 1 0 50%;\n\tflex: 1 0 50%;\n}\n\n/*\n** Dirty indicator\n*/\n\nbody.tc-dirty span.tc-dirty-indicator, body.tc-dirty span.tc-dirty-indicator svg {\n\tfill: <<colour dirty-indicator>>;\n\tcolor: <<colour dirty-indicator>>;\n}\n\n/*\n** File inputs\n*/\n\n.tc-file-input-wrapper {\n\tposition: relative;\n\toverflow: hidden;\n\tdisplay: inline-block;\n\tvertical-align: middle;\n}\n\n.tc-file-input-wrapper input[type=file] {\n\tposition: absolute;\n\ttop: 0;\n\tleft: 0;\n\tright: 0;\n\tbottom: 0;\n\tfont-size: 999px;\n\tmax-width: 100%;\n\tmax-height: 100%;\n\tfilter: alpha(opacity=0);\n\topacity: 0;\n\toutline: none;\n\tbackground: white;\n\tcursor: pointer;\n\tdisplay: inline-block;\n}\n\n/*\n** Thumbnail macros\n*/\n\n.tc-thumbnail-wrapper {\n\tposition: relative;\n\tdisplay: inline-block;\n\tmargin: 6px;\n\tvertical-align: top;\n}\n\n.tc-thumbnail-right-wrapper {\n\tfloat:right;\n\tmargin: 0.5em 0 0.5em 0.5em;\n}\n\n.tc-thumbnail-image {\n\ttext-align: center;\n\toverflow: hidden;\n\tborder-radius: 3px;\n}\n\n.tc-thumbnail-image svg,\n.tc-thumbnail-image img {\n\tfilter: alpha(opacity=1);\n\topacity: 1;\n\tmin-width: 100%;\n\tmin-height: 100%;\n\tmax-width: 100%;\n}\n\n.tc-thumbnail-wrapper:hover .tc-thumbnail-image svg,\n.tc-thumbnail-wrapper:hover .tc-thumbnail-image img {\n\tfilter: alpha(opacity=0.8);\n\topacity: 0.8;\n}\n\n.tc-thumbnail-background {\n\tposition: absolute;\n\tborder-radius: 3px;\n}\n\n.tc-thumbnail-icon svg,\n.tc-thumbnail-icon img {\n\twidth: 3em;\n\theight: 3em;\n\t<<filter \"drop-shadow(2px 2px 4px rgba(0,0,0,0.3))\">>\n}\n\n.tc-thumbnail-wrapper:hover .tc-thumbnail-icon svg,\n.tc-thumbnail-wrapper:hover .tc-thumbnail-icon img {\n\tfill: #fff;\n\t<<filter \"drop-shadow(3px 3px 4px rgba(0,0,0,0.6))\">>\n}\n\n.tc-thumbnail-icon {\n\tposition: absolute;\n\ttop: 0;\n\tleft: 0;\n\tright: 0;\n\tbottom: 0;\n\tdisplay: -webkit-flex;\n\t-webkit-align-items: center;\n\t-webkit-justify-content: center;\n\tdisplay: flex;\n\talign-items: center;\n\tjustify-content: center;\n}\n\n.tc-thumbnail-caption {\n\tposition: absolute;\n\tbackground-color: #777;\n\tcolor: #fff;\n\ttext-align: center;\n\tbottom: 0;\n\twidth: 100%;\n\tfilter: alpha(opacity=0.9);\n\topacity: 0.9;\n\tline-height: 1.4;\n\tborder-bottom-left-radius: 3px;\n\tborder-bottom-right-radius: 3px;\n}\n\n.tc-thumbnail-wrapper:hover .tc-thumbnail-caption {\n\tfilter: alpha(opacity=1);\n\topacity: 1;\n}\n\n/*\n** Diffs\n*/\n\n.tc-diff-equal {\n\tbackground-color: <<colour diff-equal-background>>;\n\tcolor: <<colour diff-equal-foreground>>;\n}\n\n.tc-diff-insert {\n\tbackground-color: <<colour diff-insert-background>>;\n\tcolor: <<colour diff-insert-foreground>>;\n}\n\n.tc-diff-delete {\n\tbackground-color: <<colour diff-delete-background>>;\n\tcolor: <<colour diff-delete-foreground>>;\n}\n\n.tc-diff-invisible {\n\tbackground-color: <<colour diff-invisible-background>>;\n\tcolor: <<colour diff-invisible-foreground>>;\n}\n\n.tc-diff-tiddlers th {\n\ttext-align: right;\n\tbackground: <<colour background>>;\n\tfont-weight: normal;\n\tfont-style: italic;\n}\n\n.tc-diff-tiddlers pre {\n    margin: 0;\n    padding: 0;\n    border: none;\n    background: none;\n}\n\n/*\n** Errors\n*/\n\n.tc-error {\n\tbackground: #f00;\n\tcolor: #fff;\n}\n\n/*\n** Tree macro\n*/\n\n.tc-tree div {\n    \tpadding-left: 14px;\n}\n\n.tc-tree ol {\n    \tlist-style-type: none;\n    \tpadding-left: 0;\n    \tmargin-top: 0;\n}\n\n.tc-tree ol ol {\n    \tpadding-left: 1em;    \n}\n\n.tc-tree button { \n    \tcolor: #acacac;\n}\n\n.tc-tree svg {\n     \tfill: #acacac;\n}\n\n.tc-tree span svg {\n    \twidth: 1em;\n    \theight: 1em;\n    \tvertical-align: baseline;\n}\n\n.tc-tree li span {\n    \tcolor: lightgray;\n}\n\nselect {\n        color: <<colour select-tag-foreground>>;\n        background: <<colour select-tag-background>>;\n}\n\n/*\n** Utility classes for SVG icons\n*/\n\n.tc-fill-background {\n\tfill: <<colour background>>;\n}\n\n/*\n** Utility classes for tiddler template debugging\n*/\n\n.tc-tiddler-debug p{\n\tmargin-block-start: 0.5em;\n    margin-block-end: 0.5em;\n}\n\n.tc-tiddler-debug svg{\n\theight: 1.5em;\n\twidth: 1.5em;\n    vertical-align: middle;\n\tfill: <<colour primary>>;\n}\n\n.tc-debug-section svg {\n\tmax-height: 18pt;\n\tmax-width: 18pt;\n\tfill: <<colour download-background>>;\n}\n\n.tc-debug-config svg.tc-image-button {\n\theight: 1.5em;\n\twidth: 1.5em;\n    vertical-align: bottom;\n}\n\n.tc-debug-config-on svg.tc-image-button {\n\tfill: <<colour download-background>>;\n}\n\n.tc-debug-config-off svg.tc-image-button {\n\tfill: <<colour dirty-indicator>>;\n}\n\n.tc-tiddler-debug svg.tc-image-chevron-down, .tc-tiddler-debug svg.tc-image-chevron-up {\n\theight:1.5em;\n\twidth: 1.5em;\n}\n\nul.tc-debug-template-list {\n\tlist-style: none;\n}"},{"created":"20200530032007806","text":"[tag[$:/tags/Macro]then[$:/plugins/joshuafontany/silatglossary/ui/ViewTemplate/body/macro]]","bag":"default","revision":"0","type":"text/vnd.tiddlywiki","title":"$:/plugins/joshuafontany/silatglossary/config/ui/ViewTemplate/body/macro","tags":"$:/config/ui/ViewTemplate/body","modifier":"Joshua Fontany","modified":"20200601200857759","creator":"Joshua Fontany"},{"text":"[has[name]then[$:/plugins/joshuafontany/silatglossary/ui/ViewTemplate/title/named]]","bag":"default","revision":"0","type":"text/vnd.tiddlywiki","title":"$:/plugins/joshuafontany/silatglossary/config/ui/ViewTemplate/title","tags":"$:/config/ui/ViewTemplate/title","modifier":"Joshua Fontany","modified":"20200601011247451","creator":"Joshua Fontany","created":"20200525020244197"},{"text":"[has[name]then[$:/plugins/joshuafontany/silatglossary/ui/ViewTemplate/subtitle/named]]","bag":"default","revision":"0","type":"text/vnd.tiddlywiki","title":"$:/plugins/joshuafontany/silatglossary/config/ui/ViewTemplate/subtitle","tags":"$:/config/ui/ViewTemplate/subtitle","modifier":"Joshua Fontany","modified":"20200530074106633","creator":"Joshua Fontany","created":"20200525065357992"},{"text":"<pre><code language={{!!type}}><$view field=\"text\"/></code></pre>","bag":"default","revision":"0","type":"text/vnd.tiddlywiki","title":"$:/plugins/joshuafontany/silatglossary/ui/ViewTemplate/body/macro","tags":"","modifier":"Joshua Fontany","modified":"20200530074211731","creator":"Joshua Fontany","created":"20200524035227855"},{"text":"\\whitespace trim\n<$list filter=\"[all[current]removeprefix[$:/]]\" variable=\"systemPath\">\n<span class=\"tc-title-named\">\n    <h2 class=\"tc-title\" title={{$:/language/SystemTiddler/Tooltip}}>\n    <$view tiddler=<<currentTiddler>> field=\"name\"/>\n    </h2>\n</span>\n</$list>\n<$list filter=\"[all[current]!prefix[$:/]]\">\n<span class=\"tc-title-named\">\n    <h2 class=\"tc-title\">\n    <$view tiddler=<<currentTiddler>> field=\"name\"/>\n    </h2>\n</span>\n</$list>","bag":"default","revision":"0","type":"text/vnd.tiddlywiki","title":"$:/plugins/joshuafontany/silatglossary/ui/ViewTemplate/title/named","name":"Test Name","modifier":"Joshua Fontany","modified":"20200601085827656","icon":"$:/core/images/globe","creator":"Joshua Fontany","created":"20200525020429634","color":"#d3869b"},{"text":"<div><$set name=\"tv-wikilinks\" value={{$:/config/Tiddlers/TitleLinks}}>\n<$link class=\"tc-title-small\">\n<$list filter=\"[all[current]removeprefix[$:/]]\" variable=\"systemPath\">\n<span class=\"tc-system-title-prefix\">$:/</span><$text text=<<systemPath>>/>\n</$list>\n<$list filter=\"[all[current]!prefix[$:/]]\">\n<$view tiddler=<<currentTiddler>> field=\"title\"/>\n</$list>\n</$link>\n</$set></div>\n<div><<tiddler-subtitle-view>></div>","bag":"default","revision":"0","type":"text/vnd.tiddlywiki","title":"$:/plugins/joshuafontany/silatglossary/ui/ViewTemplate/subtitle/named","modified":"20200601011458485","created":"20200525065539171"}]